2013-01-22 17:20:56,d41d8cd98f00b204e9800998ecf8427e,ebe4cbcb946b4cbd842dc6b1bda144a8,Computer,NO,29,,,,,,,
2013-03-09 16:33:25,0898252f86a9a3bd624615cb248172b6,5135ef53e4b0b1a355205276,Computer,NO,87,89,97.7528,,MOVIE,Young Adult,,
2013-03-13 18:00:35,c894d818eab4ae7e2844ee157c28e22d,5135ef51e4b0b1a355205243,Computer,NO,1,101,0.9901,,MOVIE,Win Win,,
2013-01-28 12:39:23,d41d8cd98f00b204e9800998ecf8427e,a386f24fda1c4bdbad6f19732978ab08,Computer,NO,18,,,,,,,
2013-03-15 23:06:41,0898252f86a9a3bd624615cb248172b6,5135ef9be4b0b1a355206ed1,Computer,NO,60,88,68.1818,,MOVIE,Last Night,,
2013-03-16 12:08:35,c4ef22ed1bac50bb486b645ce3649617,5135ef6ae4b0b1a3552054b2,Computer,NO,1,93,1.0753,,MOVIE,Fritt Vilt,,
2013-02-13 14:56:57,f653582eb8c79568ddf1b1fd665b033d,19ed413cea7d4358b3412c7f2e4988c3,Computer,NO,24,,,,,,,
2013-03-08 22:05:58,8ba22276bcdb926cb06b3dbfb3f1a056,5135ef52e4b0b1a355205270,Computer,NO,113,135,83.7037,,MOVIE,X-Men: First Class,,
2013-01-14 10:21:51,39b59f31db467aa8b025637e89953502,ebe4cbcb946b4cbd842dc6b1bda144a8,Computer,NO,5,,,,,,,
2013-01-01 19:34:40,d41d8cd98f00b204e9800998ecf8427e,eb196824b1944a559a7bf947d6eae2d1,Computer,,1,,,,,,,
2013-03-09 23:30:56,0898252f86a9a3bd624615cb248172b6,5135ef51e4b0b1a355205216,Computer,NO,96,101,95.0495,,MOVIE,What's Your Number?,,
2013-03-19 14:11:12,337c59f5fbc99b6ea9e82869f93a5197,5135ef43e4b0b1a35520486e,Computer,NO,54,89,60.6742,,MOVIE,Menn som stirrer p<e5> geiter,,
2013-03-12 19:26:17,b78d3dfe1caf1205f3df0cab2be0098e,5135ef43e4b0b1a35520486e,Computer,NO,95,89,106.7416,,MOVIE,Menn som stirrer p<e5> geiter,,
2013-03-11 22:20:32,ab9326af91918ef36e9499f6847ff96e,5135ef44e4b0b1a3552048e6,Computer,NO,19,52,36.5385,,SERIES,"The Newsroom, The Blackout Part II: Mock Debate",1,9
2013-01-22 09:11:19,d41d8cd98f00b204e9800998ecf8427e,f3c26c8522814d739fed49030a3d2170,Computer,NO,5,,,,,,,
2013-03-13 22:58:28,2fffac6220a6b4458efe9667a9c550b1,5135ef24e4b0b1a3552041f9,Computer,NO,27,28,96.4286,,SERIES,"Girls, It's About Time",2,1
2013-03-14 19:48:52,b78d3dfe1caf1205f3df0cab2be0098e,5135ef64e4b0b1a35520540c,Computer,NO,125,108,115.7407,,MOVIE,Donnie Darko,,
2013-03-18 19:37:09,8ba22276bcdb926cb06b3dbfb3f1a056,5135ef19e4b0b1a3552040b6,Computer,NO,87,103,84.466,,MOVIE,Johnny Mnemonic,,
2013-03-15 19:27:25,a01902866e208547d55a21ab6cae2932,5135ef59e4b0b1a3552052eb,Computer,NO,119,118,100.8475,,MOVIE,Der elven renner,,
2013-03-08 16:35:56,42dd61d4b6c50d13a5e2a62ff974a804,5135ef28e4b0b1a35520426a,Computer,NO,20,99,20.202,,MOVIE,Rio,,
2013-03-10 20:10:48,b6299812893cf7c76460bf9b79dce571,5135ef3de4b0b1a355204635,Computer,NO,21,21,100,,SERIES,"Solsidan, F<f6>rlossning",1,10
2013-03-11 19:03:19,2c0e4bf448eb0b2f863d0af072cf20ef,5135ef3fe4b0b1a355204696,Computer,NO,2,87,2.2989,,MOVIE,Forbannelsen - The Grudge,,
2013-03-19 13:23:35,c1dcf9a095b743021ad2ed3314bfff5c,5135ef60e4b0b1a3552053b0,Computer,NO,11,112,9.8214,,MOVIE,Crash,,
2013-03-13 08:15:47,55ab15d7d71d15b2080b5189beac28aa,5135ef5fe4b0b1a35520538f,Computer,NO,38,124,30.6452,,MOVIE,Captain America: The First Avenger,,
2013-01-10 09:15:18,d535669768016018e0b1d2b3f56a5a49,cf369cc4a1784eb1b6752e29e0d5aa9e,Computer,NO,1,,,,,,,
2013-03-08 18:20:11,f47cab0fd982ad141755c85243a7113f,5135ef3ee4b0b1a35520464e,Computer,NO,19,89,21.3483,,MOVIE,The Good Girl,,
2013-03-10 19:47:45,96e98987abe7d1abe5ffe4ebcb79aa4d,5135ef3ae4b0b1a35520457e,Computer,NO,4,83,4.8193,,MOVIE,The Art of Getting By,,
2013-03-09 10:17:40,b6299812893cf7c76460bf9b79dce571,5135ef43e4b0b1a35520489e,Computer,NO,1,50,2,,SERIES,"The Newsroom, 5/1",1,7
2013-01-14 21:08:46,f47cab0fd982ad141755c85243a7113f,e222ade89b37479aacc0baabfc4b89d8,Computer,NO,3,,,,,,,
2013-01-17 13:10:48,d41d8cd98f00b204e9800998ecf8427e,7481c27000364862be6c3fc6669e7b9d,Computer,NO,2,,,,,,,
2013-01-06 16:37:55,d44de93969a046b31f24cc7ce17fc385,621046a354a345a1b519e770015454e0,Computer,,1,,,,,,,
2013-03-07 15:36:42,96e98987abe7d1abe5ffe4ebcb79aa4d,5135ef28e4b0b1a355204266,Computer,NO,1,105,0.9524,,MOVIE,Ripleys Game,,
2013-03-10 19:20:44,b6299812893cf7c76460bf9b79dce571,5135ef3de4b0b1a35520462b,Computer,NO,20,21,95.2381,,SERIES,"Solsidan, Alex hatar Ove",1,5
2013-03-10 18:51:39,b6299812893cf7c76460bf9b79dce571,5135ef2ee4b0b1a35520436f,Computer,NO,23,96,23.9583,,MOVIE,Shame,,
2013-01-14 21:14:45,f47cab0fd982ad141755c85243a7113f,3c8834119422487bbc68e009a6af3456,Computer,NO,65,,,,,,,
2013-03-09 17:53:39,8ba22276bcdb926cb06b3dbfb3f1a056,5135ef3be4b0b1a3552045ca,Computer,NO,57,109,52.2936,,MOVIE,The Butterfly Effect,,
2013-03-16 13:11:19,936da7e14a2b6cb02264f40eaec56a72,5135ef5fe4b0b1a35520538f,Computer,NO,118,124,95.1613,,MOVIE,Captain America: The First Avenger,,
2013-03-19 22:09:12,6b793d784d99e4ba226ee38bc761c670,5135ef28e4b0b1a35520426a,Computer,NO,1,99,1.0101,,MOVIE,Rio,,
2013-03-11 16:04:05,12a286f957b3d7cf8de139119b87fa3c,5135ef3ce4b0b1a355204610,Computer,NO,2,105,1.9048,,MOVIE,The Duchess,,
2013-03-08 14:14:34,b6299812893cf7c76460bf9b79dce571,5135ef40e4b0b1a3552046d7,Computer,NO,3,93,3.2258,,MOVIE,The Informers,,
2013-03-19 16:30:54,bdea53d27ac92cbaaff2293040cf71d6,5135ef57e4b0b1a3552052c2,Computer,NO,2,125,1.6,,MOVIE,Amen,,
2013-01-01 12:14:16,6fc1aa80f69a58f3efa654496fa363af,413a6b14b8d8492087494ac66e9ac66e,Computer,,67,,,,,,,
2013-03-17 07:04:19,b78d3dfe1caf1205f3df0cab2be0098e,5135ef25e4b0b1a35520420e,Computer,NO,77,86,89.5349,,MOVIE,Puss in Boots,,
2013-03-14 07:30:23,b78d3dfe1caf1205f3df0cab2be0098e,5135ef47e4b0b1a355204baf,Computer,NO,4,115,3.4783,,MOVIE,The Social Network,,
2013-03-11 20:23:21,8ba22276bcdb926cb06b3dbfb3f1a056,5135ef42e4b0b1a355204837,Computer,NO,54,52,103.8462,,SERIES,"The Newsroom, Ill Try to Fix You",1,4
2013-03-13 19:10:29,b6299812893cf7c76460bf9b79dce571,5135ef25e4b0b1a355204202,Computer,NO,1,27,3.7037,,SERIES,"Girls, Bad Friend",2,3
2013-03-19 19:45:21,f47cab0fd982ad141755c85243a7113f,5135ef25e4b0b1a35520420e,Computer,NO,50,86,58.1395,,MOVIE,Puss in Boots,,
2013-01-15 12:33:38,d41d8cd98f00b204e9800998ecf8427e,7072fea481754402b25362159f38942c,Computer,NO,4,,,,,,,
2013-01-31 17:50:01,f47cab0fd982ad141755c85243a7113f,d5f8ff33002248f2ab198da4622a6c4d,Computer,NO,85,,,,,,,
2013-01-06 00:53:55,2ce11265419bd103932270ffefe4ee66,a74a5869198e4bd69b89b73e397df121,Computer,,5,,,,,,,
2013-02-12 10:12:55,a01902866e208547d55a21ab6cae2932,7481c27000364862be6c3fc6669e7b9d,Computer,NO,14,,,,,,,
2013-03-15 18:19:16,59b83305c14429acb6775e52d39db349,5135efa0e4b0b1a3552071f0,Computer,NO,4,82,4.878,,MOVIE,Lesbian Vampire Killers,,
2013-03-11 19:12:23,12a286f957b3d7cf8de139119b87fa3c,5135ef30e4b0b1a3552043ba,Computer,NO,8,85,9.4118,,MOVIE,Sleep Dealer,,
2013-03-05 15:35:51,1d6c2f8baad5c26293092ae182a2cf92,5135ef5fe4b0b1a35520538f,Computer,NO,2,124,1.6129,,MOVIE,Captain America: The First Avenger,,
2013-03-16 19:55:19,b78d3dfe1caf1205f3df0cab2be0098e,5135ef5fe4b0b1a35520538f,Computer,NO,112,124,90.3226,,MOVIE,Captain America: The First Avenger,,
2013-03-19 13:28:48,e84163789c2776b39011f0bd54316d9f,5135ef48e4b0b1a355204bff,Computer,NO,3,105,2.8571,,MOVIE,De tre musketerer,,
2013-01-22 08:50:52,d41d8cd98f00b204e9800998ecf8427e,413a6b14b8d8492087494ac66e9ac66e,Computer,NO,13,,,,,,,
2013-03-15 08:57:26,24e237914937760b01bd31b38cfb32ce,5135ef09e4b0b1a355203f0f,Computer,NO,1,54,1.8519,,SERIES,"Banshee, Half Deaf Is Better Than All Dead",1,4
2013-03-19 17:40:57,9451b56e46c57876e0233ec9ca7c0389,5135ef28e4b0b1a355204253,Computer,NO,22,92,23.913,,MOVIE,Resident Evil: Afterlife,,
2013-03-12 13:28:37,2ce11265419bd103932270ffefe4ee66,5135ef42e4b0b1a3552047d7,Computer,NO,1,192,0.5208,,MOVIE,The Lord of the Rings: The Return of the King,,
2013-02-06 19:06:38,2fffac6220a6b4458efe9667a9c550b1,79d0c3b0fe884e57bd078b07f7388f50,Computer,NO,19,,,,,,,
2013-03-14 13:30:37,55ab15d7d71d15b2080b5189beac28aa,5135ef42e4b0b1a3552047e3,Computer,NO,21,171,12.2807,,MOVIE,The Lord of the Rings: The Two Towers,,
2013-02-04 20:45:10,55ab15d7d71d15b2080b5189beac28aa,982d33d5fc1846d18bb23a7784e3fd92,Computer,NO,1,,,,,,,
2013-01-01 18:04:23,6fc1aa80f69a58f3efa654496fa363af,f562278f115948bfa8a4759ebb9766e1,Computer,,88,,,,,,,
2013-01-09 11:55:59,5df00bc3fbd175e34c3b24b8f1e584b1,cf369cc4a1784eb1b6752e29e0d5aa9e,Computer,NO,59,,,,,,,
2013-03-15 18:07:18,59b83305c14429acb6775e52d39db349,5135ef80e4b0b1a355205e72,Computer,NO,6,115,5.2174,,MOVIE,Ironclad,,
2013-01-28 21:50:22,d41d8cd98f00b204e9800998ecf8427e,dbe26e5b3b664925a64b029459099f8e,Computer,NO,19,,,,,,,
2013-03-19 19:36:19,0898252f86a9a3bd624615cb248172b6,5135ef60e4b0b1a3552053a5,Computer,NO,92,93,98.9247,,MOVIE,Come Early Morning,,
2013-03-13 14:01:41,1e4e75dd84bb475445ea989eaad11e6f,5135ef4be4b0b1a355204dd9,Computer,NO,1,93,1.0753,,MOVIE,This Means War,,
2013-01-17 13:20:54,1e4e75dd84bb475445ea989eaad11e6f,cf369cc4a1784eb1b6752e29e0d5aa9e,Computer,,2,,,,,,,
2013-03-13 14:57:37,a087916da234d0fa35b44868a17cb2b5,5135ef3ee4b0b1a35520464e,Computer,NO,89,89,100,,MOVIE,The Good Girl,,
2013-01-31 22:12:46,66dad68b61ed279910694043a0f9aa58,cf369cc4a1784eb1b6752e29e0d5aa9e,Computer,NO,3,,,,,,,
2013-03-16 20:28:08,01e19dc856bbdb733569dc272f642551,5135ef3be4b0b1a3552045d5,Computer,NO,86,92,93.4783,,MOVIE,The Contract,,
2013-03-17 20:19:21,1fcad896447f75b7d735ca57ccc23723,5135ef42e4b0b1a3552047d2,Computer,NO,55,52,105.7692,,SERIES,"The Newsroom, News Night 2.0",1,2
2013-03-19 20:38:31,974c1ed59a5162dd45d21f4ac0cebbbd,5135ef6ae4b0b1a3552054b4,Computer,NO,1,104,0.9615,,MOVIE,Hamilton  I nasjonens interesse,,
2013-01-10 14:14:56,b4f993b97a94b7efa7dfbc87ce36ed09,eb196824b1944a559a7bf947d6eae2d1,Computer,NO,2,,,,,,,
2013-02-07 09:52:00,66dad68b61ed279910694043a0f9aa58,cf369cc4a1784eb1b6752e29e0d5aa9e,Computer,NO,127,,,,,,,
2013-02-07 15:16:31,66dad68b61ed279910694043a0f9aa58,413a6b14b8d8492087494ac66e9ac66e,Computer,NO,75,,,,,,,
2013-01-07 20:45:14,66dad68b61ed279910694043a0f9aa58,413a6b14b8d8492087494ac66e9ac66e,Computer,NO,1,,,,,,,
2013-02-07 10:37:17,66dad68b61ed279910694043a0f9aa58,b8bae419e62c483c8a764f1ae398960c,Computer,NO,42,,,,,,,
2013-03-09 12:33:14,874b23419e2c1bd2dd73aafca3556a26,5135ef46e4b0b1a355204ad4,Computer,NO,109,114,95.614,,MOVIE,The Rum Diary,,
2013-03-19 19:50:06,1fcad896447f75b7d735ca57ccc23723,5135ef42e4b0b1a355204837,Computer,NO,57,52,109.6154,,SERIES,"The Newsroom, Ill Try to Fix You",1,4
2013-02-09 10:17:14,01e19dc856bbdb733569dc272f642551,3c8834119422487bbc68e009a6af3456,Computer,NO,1,,,,,,,
2013-03-10 14:59:56,ab9326af91918ef36e9499f6847ff96e,5135ef47e4b0b1a355204baf,Computer,NO,115,115,100,,MOVIE,The Social Network,,
2013-03-15 08:59:29,24e237914937760b01bd31b38cfb32ce,5135ef3ee4b0b1a355204653,Computer,NO,14,22,63.6364,,SERIES,"Solsidan, Skrikande f<e5>gel st<e4>ller till det",2,4
2013-03-15 09:44:05,e7333de99057ef6b2b9532392114b978,5135ef31e4b0b1a3552043e9,Computer,NO,1,96,1.0417,,MOVIE,Slanke Sussie,,
2013-03-19 09:25:25,3204079164e1e0f8cc979ae88b773030,5135eed2e4b0b1a355203b62,Computer,NO,21,22,95.4545,,SERIES,"Solsidan, Inflytten",1,1
2013-03-11 19:06:51,2c0e4bf448eb0b2f863d0af072cf20ef,5135ef50e4b0b1a355205126,Computer,NO,2,99,2.0202,,MOVIE,Voksne Mennesker,,
2013-03-14 21:42:59,96e98987abe7d1abe5ffe4ebcb79aa4d,5135ef93e4b0b1a355206938,Computer,NO,1,99,1.0101,,MOVIE,Kompani Orheim,,
2013-03-10 15:03:23,874b23419e2c1bd2dd73aafca3556a26,5135ef48e4b0b1a355204c20,Computer,NO,131,135,97.037,,MOVIE,The Tree of Life,,
2013-03-12 17:49:47,ab9326af91918ef36e9499f6847ff96e,5135ef44e4b0b1a3552048e6,Computer,NO,34,52,65.3846,,SERIES,"The Newsroom, The Blackout Part II: Mock Debate",1,9
2013-03-19 22:12:29,6b793d784d99e4ba226ee38bc761c670,5135ef59e4b0b1a3552052ed,Computer,NO,3,92,3.2609,,MOVIE,Army of Darkness,,
2013-03-10 19:54:22,96e98987abe7d1abe5ffe4ebcb79aa4d,5135ef47e4b0b1a355204baf,Computer,NO,6,115,5.2174,,MOVIE,The Social Network,,
2013-01-24 19:26:07,f944269f3d49d600b9a055d1d10a6b55,eb196824b1944a559a7bf947d6eae2d1,Computer,0,1,,,,,,,
2013-03-09 17:04:32,b6299812893cf7c76460bf9b79dce571,5135ef41e4b0b1a355204712,Computer,NO,14,127,11.0236,,MOVIE,The Karate Kid,,
2013-01-06 00:50:14,2ce11265419bd103932270ffefe4ee66,ca89963981a94a5391f4bd719253b96c,Computer,,1,,,,,,,
2013-01-14 10:47:07,a01902866e208547d55a21ab6cae2932,c476301abedb4ed797ef7d4a6947f3bf,Computer,,41,,,,,,,
2013-01-02 19:10:51,ecd216ced97ada22a03d1a061769db05,19ed413cea7d4358b3412c7f2e4988c3,Computer,,2,,,,,,,
2013-01-02 21:15:23,4dcdbd6caad911f18298fa860490c665,ac6f8b8f9e824685a488e2aa30e80c2b,Computer,,20,,,,,,,
2013-01-31 20:08:31,5df00bc3fbd175e34c3b24b8f1e584b1,60387ff0c7614302bc178a3ced768a3a,Computer,NO,2,,,,,,,
2013-03-14 21:10:04,1d6c2f8baad5c26293092ae182a2cf92,5135ef4ae4b0b1a355204d9c,Computer,NO,44,99,44.4444,,MOVIE,The Code,,
2013-01-15 12:13:18,d41d8cd98f00b204e9800998ecf8427e,7481c27000364862be6c3fc6669e7b9d,Computer,,7,,,,,,,
2013-01-07 09:02:49,2c0e4bf448eb0b2f863d0af072cf20ef,ebeffddd877c4edaa965e7e9cfd0b1db,Computer,,35,,,,,,,
2013-01-13 19:34:10,f47cab0fd982ad141755c85243a7113f,ebeffddd877c4edaa965e7e9cfd0b1db,Computer,NO,53,,,,,,,
2013-01-06 01:13:41,2ce11265419bd103932270ffefe4ee66,25e4b8150e2f4e049bbbbdf639316421,Computer,,1,,,,,,,
2013-03-07 15:21:29,b6299812893cf7c76460bf9b79dce571,5135ef28e4b0b1a35520426a,Computer,NO,3,99,3.0303,,MOVIE,Rio,,
2013-01-23 19:46:24,d41d8cd98f00b204e9800998ecf8427e,a74a5869198e4bd69b89b73e397df121,Computer,NO,49,,,,,,,
2013-01-30 08:10:54,d44de93969a046b31f24cc7ce17fc385,e222ade89b37479aacc0baabfc4b89d8,Computer,NO,90,,,,,,,
2013-01-10 10:19:44,5df00bc3fbd175e34c3b24b8f1e584b1,cf369cc4a1784eb1b6752e29e0d5aa9e,Computer,NO,2,,,,,,,
2013-03-17 19:30:59,b78d3dfe1caf1205f3df0cab2be0098e,5135ef64e4b0b1a355205416,Computer,NO,92,96,95.8333,,MOVIE,Drive,,
2013-03-18 18:14:00,f47cab0fd982ad141755c85243a7113f,5135ef3de4b0b1a35520461f,Computer,NO,21,21,100,,SERIES,"Solsidan, Parmiddagshets",1,4
2013-03-19 21:13:16,974c1ed59a5162dd45d21f4ac0cebbbd,5135ef64e4b0b1a35520540c,Computer,NO,6,108,5.5556,,MOVIE,Donnie Darko,,
2013-01-24 20:55:32,d41d8cd98f00b204e9800998ecf8427e,413a6b14b8d8492087494ac66e9ac66e,Computer,NO,32,,,,,,,
2013-03-11 08:15:31,77f9632870b0b49a45cea15b530e788e,5135ef3be4b0b1a3552045da,Computer,NO,1,116,0.8621,,MOVIE,Den andre siden,,
2013-03-09 09:13:39,c1dcf9a095b743021ad2ed3314bfff5c,5135ef41e4b0b1a355204712,Computer,NO,10,127,7.874,,MOVIE,The Karate Kid,,
2013-03-16 20:36:52,b0b4b6cee53fbc18d09b4d4e0cd8ad6e,5135ef28e4b0b1a355204253,Computer,NO,70,92,76.087,,MOVIE,Resident Evil: Afterlife,,
2013-03-14 21:51:09,96e98987abe7d1abe5ffe4ebcb79aa4d,5135ef55e4b0b1a3552052ac,Computer,NO,2,110,1.8182,,MOVIE,Adaptation,,
2013-01-31 20:19:17,5df00bc3fbd175e34c3b24b8f1e584b1,413a6b14b8d8492087494ac66e9ac66e,Computer,NO,40,,,,,,,
2013-01-01 13:45:11,6fc1aa80f69a58f3efa654496fa363af,1e8b4d7f765c445ca2669b4c2b2915e0,Computer,,88,,,,,,,
2013-03-13 20:42:48,55ab15d7d71d15b2080b5189beac28aa,5135eed2e4b0b1a355203b62,Computer,NO,29,22,131.8182,,SERIES,"Solsidan, Inflytten",1,1
2013-01-05 10:34:17,f944269f3d49d600b9a055d1d10a6b55,ba10487efa3b41588aa450f3766c4782,Computer,,1,,,,,,,
2013-03-13 19:07:00,b6299812893cf7c76460bf9b79dce571,5135ef24e4b0b1a3552041f9,Computer,NO,2,28,7.1429,,SERIES,"Girls, It's About Time",2,1
2013-03-08 17:49:25,b6299812893cf7c76460bf9b79dce571,5135ef3ee4b0b1a35520466a,Computer,NO,4,121,3.3058,,MOVIE,The Challenge - The Great Debaters,,
2013-01-27 19:26:37,bdea53d27ac92cbaaff2293040cf71d6,cf369cc4a1784eb1b6752e29e0d5aa9e,Computer,NO,15,,,,,,,
2013-03-13 17:35:28,1d6c2f8baad5c26293092ae182a2cf92,5135ef41e4b0b1a355204712,Computer,NO,128,127,100.7874,,MOVIE,The Karate Kid,,
2013-03-12 21:14:58,8ba22276bcdb926cb06b3dbfb3f1a056,5135ef44e4b0b1a3552048cc,Computer,NO,53,55,96.3636,,SERIES,"The Newsroom, The Blackout Part 1: Tragedy Porn",1,8
2013-03-12 22:13:31,4b5b765e8ccaea831a012dd150992bb4,5135ef25e4b0b1a35520420e,Computer,NO,20,86,23.2558,,MOVIE,Puss in Boots,,
2013-01-02 15:01:36,7bbb70cca3abc6395c8f8be08f9615d7,cf369cc4a1784eb1b6752e29e0d5aa9e,Computer,,2,,,,,,,
2013-03-16 19:03:18,96e98987abe7d1abe5ffe4ebcb79aa4d,5135eecae4b0b1a355203a77,Computer,NO,73,75,97.3333,,MOVIE,Kong Curling,,
2013-03-14 20:50:10,55ab15d7d71d15b2080b5189beac28aa,5135ef4de4b0b1a355204f59,Computer,NO,3,28,10.7143,,SERIES,"Weeds, Its Time",8,12
2013-03-13 13:05:09,a8b89e93d8098df072ab1caa2e473140,5135ef42e4b0b1a3552047ff,Computer,NO,1,75,1.3333,,SERIES,"The Newsroom, We Just Decided To",1,1
2013-03-09 14:22:02,0898252f86a9a3bd624615cb248172b6,5135ef51e4b0b1a3552051c8,Computer,NO,106,120,88.3333,,MOVIE,Vann til elefantene,,
2013-03-12 20:18:54,a7a365d24418c9a04ced50ffb563550b,5135ef28e4b0b1a35520426a,Computer,NO,45,99,45.4545,,MOVIE,Rio,,
2013-03-12 13:44:51,2ce11265419bd103932270ffefe4ee66,5135ef43e4b0b1a35520486e,Computer,NO,1,89,1.1236,,MOVIE,Menn som stirrer p<e5> geiter,,
2013-03-11 20:07:53,a7a365d24418c9a04ced50ffb563550b,5135ef28e4b0b1a35520426a,Computer,NO,20,99,20.202,,MOVIE,Rio,,
2013-03-12 19:11:58,8ba22276bcdb926cb06b3dbfb3f1a056,5135ef43e4b0b1a355204888,Computer,NO,55,55,100,,SERIES,"The Newsroom, Bullies",1,6
2013-03-19 13:43:16,c1dcf9a095b743021ad2ed3314bfff5c,5135ef53e4b0b1a355205284,Computer,NO,1,120,0.8333,,MOVIE,21 gram,,
2013-03-11 18:56:02,bc395c6407e24b83ad98ae12ba84a4d0,5135ef0ce4b0b1a355203f62,Computer,NO,32,55,58.1818,,SERIES,"Boardwalk Empire, Spaghetti and Coffee",3,2
2013-03-15 22:48:46,0898252f86a9a3bd624615cb248172b6,5135ef58e4b0b1a3552052d9,Computer,NO,8,114,7.0175,,MOVIE,Another Happy Day,,
2013-03-09 22:10:42,77f9632870b0b49a45cea15b530e788e,5135ef3fe4b0b1a3552046a2,Computer,NO,29,99,29.2929,,MOVIE,The Haunting in Connecticut,,
2013-03-14 21:12:01,2fffac6220a6b4458efe9667a9c550b1,5135ef25e4b0b1a3552041fe,Computer,NO,25,26,96.1538,,SERIES,"Girls, I Get Ideas",2,2
2013-01-02 19:13:42,ecd216ced97ada22a03d1a061769db05,3752cdf9e51b4d098576e640151c5871,Computer,,1,,,,,,,
2013-03-18 19:45:29,1fcad896447f75b7d735ca57ccc23723,5135ef42e4b0b1a355204813,Computer,NO,56,52,107.6923,,SERIES,"The Newsroom, The 112th Congress",1,3
2013-03-07 15:32:18,96e98987abe7d1abe5ffe4ebcb79aa4d,5135ef20e4b0b1a355204185,Computer,NO,2,86,2.3256,,MOVIE,Our Idiot Brother,,
2013-01-31 16:08:07,a8b89e93d8098df072ab1caa2e473140,cf369cc4a1784eb1b6752e29e0d5aa9e,Computer,NO,1,,,,,,,
2013-03-19 21:52:35,e9393a5a4573722f8539004f1bf46c4f,5135ef64e4b0b1a355205416,Computer,NO,3,96,3.125,,MOVIE,Drive,,
2013-03-10 19:47:56,b6299812893cf7c76460bf9b79dce571,5135ef3de4b0b1a355204626,Computer,NO,21,21,100,,SERIES,"Solsidan, Midsommarfest",1,9
2013-01-30 15:22:48,d41d8cd98f00b204e9800998ecf8427e,8c09c3c8-f21d-41af-9680-5dda6499497d,Computer,,4,,,,,,,
2013-03-16 09:03:10,a8b89e93d8098df072ab1caa2e473140,5135ef41e4b0b1a355204712,Computer,NO,27,127,21.2598,,MOVIE,The Karate Kid,,
2013-03-10 19:47:44,39b59f31db467aa8b025637e89953502,5135ef52e4b0b1a355205270,Computer,NO,59,135,43.7037,,MOVIE,X-Men: First Class,,
2013-03-19 18:06:50,c1dcf9a095b743021ad2ed3314bfff5c,5135ef11e4b0b1a355203ff5,Computer,NO,7,54,12.963,,SERIES,"Dexter, Helter Skelter",7,9
2013-03-10 21:48:24,8ba22276bcdb926cb06b3dbfb3f1a056,5135ef42e4b0b1a3552047d2,Computer,NO,52,52,100,,SERIES,"The Newsroom, News Night 2.0",1,2
2013-01-28 14:22:14,f5d7845b7f322b224b237fc3acf5c484,50d09830e4b004463d0ea763,Computer,,1,,,,,,,
2013-03-15 16:17:55,874b23419e2c1bd2dd73aafca3556a26,5135ef8ae4b0b1a3552064ac,Computer,NO,57,79,72.1519,,MOVIE,Jiro Dreams of Sushi,,
2013-03-13 12:45:56,b6299812893cf7c76460bf9b79dce571,5135ef20e4b0b1a355204185,Computer,NO,12,86,13.9535,,MOVIE,Our Idiot Brother,,
2013-03-19 13:40:01,c1dcf9a095b743021ad2ed3314bfff5c,5135ef4ce4b0b1a355204eb0,Computer,NO,1,122,0.8197,,MOVIE,Muldvarpen,,
2013-03-15 19:50:50,01e19dc856bbdb733569dc272f642551,5135ef55e4b0b1a3552052ac,Computer,NO,109,110,99.0909,,MOVIE,Adaptation,,
2013-01-09 09:12:33,cafafe56ac004ddcdf01ac3e9643ff09,a6d742481b1a4c2bba1607da8d037fca,Computer,NO,1,,,,,,,
2013-03-09 21:28:21,2fffac6220a6b4458efe9667a9c550b1,5135ef1ee4b0b1a355204156,Computer,NO,7,91,7.6923,,SERIES,"Fanny og Alexander, Episode 1",1,1
2013-02-08 11:15:24,a8b89e93d8098df072ab1caa2e473140,19ed413cea7d4358b3412c7f2e4988c3,Computer,NO,9,,,,,,,
2013-03-19 21:01:14,c69cda7924e45de2f63ca0a738b8e6b3,5135ef0de4b0b1a355203f80,Computer,NO,48,51,94.1176,,SERIES,"Boardwalk Empire, The Milkmaids Lot ",3,9
2013-03-09 10:16:23,b6299812893cf7c76460bf9b79dce571,5135ef44e4b0b1a3552048cc,Computer,NO,53,55,96.3636,,SERIES,"The Newsroom, The Blackout Part 1: Tragedy Porn",1,8
2013-03-11 08:56:55,3204079164e1e0f8cc979ae88b773030,5135ef28e4b0b1a355204260,Computer,NO,2,96,2.0833,,MOVIE,Righteous Kill,,
2013-01-16 09:32:22,d41d8cd98f00b204e9800998ecf8427e,cf369cc4a1784eb1b6752e29e0d5aa9e,Computer,NO,2,,,,,,,
2013-01-15 19:44:56,39b59f31db467aa8b025637e89953502,578706d0a1254149b0b0a44a9594e908,Computer,NO,3,,,,,,,
2013-03-19 11:05:43,b78d3dfe1caf1205f3df0cab2be0098e,5135efc6e4b0b1a3552078bf,Computer,NO,33,127,25.9843,,MOVIE,Mission Impossible: Ghost Protocol,,
2013-03-09 21:56:49,b78d3dfe1caf1205f3df0cab2be0098e,5135ef41e4b0b1a355204712,Computer,NO,121,127,95.2756,,MOVIE,The Karate Kid,,
2013-03-14 19:54:42,f47cab0fd982ad141755c85243a7113f,5135ef28e4b0b1a35520426a,Computer,NO,91,99,91.9192,,MOVIE,Rio,,
2013-01-29 09:12:25,d41d8cd98f00b204e9800998ecf8427e,24d741e0-ae8d-480a-8031-2b57b898e3b1,Computer,,3,,,,,,,
2013-01-15 19:34:21,d41d8cd98f00b204e9800998ecf8427e,d5f8ff33002248f2ab198da4622a6c4d,Computer,NO,47,,,,,,,
2013-01-01 18:09:12,91380eee1fee950e20ae49c0f557c580,1e8b4d7f765c445ca2669b4c2b2915e0,Computer,,75,,,,,,,
2013-03-14 12:33:12,55ab15d7d71d15b2080b5189beac28aa,5135ef4ce4b0b1a355204ecf,Computer,NO,14,27,51.8519,,SERIES,"Weeds, Unfreeze",8,7
2013-03-20 09:27:29,b4f993b97a94b7efa7dfbc87ce36ed09,5135ef53e4b0b1a35520527e,Computer,NO,1,100,1,,MOVIE,1408,,
2013-01-29 20:04:47,d41d8cd98f00b204e9800998ecf8427e,54a7c87b96bc46449b01a543e2416ada,Computer,NO,97,,,,,,,
2013-01-22 07:48:30,2fffac6220a6b4458efe9667a9c550b1,dbe26e5b3b664925a64b029459099f8e,Computer,NO,14,,,,,,,
2013-03-07 14:42:20,7bbb70cca3abc6395c8f8be08f9615d7,5135ef20e4b0b1a355204185,Computer,NO,8,86,9.3023,,MOVIE,Our Idiot Brother,,
2013-03-19 08:01:51,bdea53d27ac92cbaaff2293040cf71d6,5135ef63e4b0b1a355205402,Computer,NO,9,88,10.2273,,MOVIE,KanonBall: En film med baller,,
2013-03-07 20:15:59,39b59f31db467aa8b025637e89953502,5135ef28e4b0b1a35520426e,Computer,NO,95,100,95,,MOVIE,Rise of the Planet of the Apes,,
2013-01-24 12:19:21,d41d8cd98f00b204e9800998ecf8427e,86f21cfd248e44299a1f3e4e34b0ba63,Computer,NO,1,,,,,,,
2013-03-19 13:16:30,c1dcf9a095b743021ad2ed3314bfff5c,5135ef42e4b0b1a3552047e3,Computer,NO,9,171,5.2632,,MOVIE,The Lord of the Rings: The Two Towers,,
2013-01-28 20:03:57,d41d8cd98f00b204e9800998ecf8427e,413a6b14b8d8492087494ac66e9ac66e,Computer,NO,59,,,,,,,
2013-03-13 20:19:22,2fffac6220a6b4458efe9667a9c550b1,5135ef35e4b0b1a355204486,Computer,NO,22,91,24.1758,,MOVIE,Super,,
2013-03-09 20:31:12,a9d23d06b18aa10a15d6b1f72fdb4f74,5135ef28e4b0b1a355204253,Computer,NO,3,92,3.2609,,MOVIE,Resident Evil: Afterlife,,
2013-03-08 20:13:01,b78d3dfe1caf1205f3df0cab2be0098e,5135ef51e4b0b1a355205223,Computer,NO,119,121,98.3471,,MOVIE,What Women Want,,
2013-03-09 09:03:08,0898252f86a9a3bd624615cb248172b6,5135ef3ee4b0b1a35520465d,Computer,NO,27,89,30.3371,,MOVIE,The Good Night,,
2013-03-13 13:37:53,55ab15d7d71d15b2080b5189beac28aa,5135ef1ee4b0b1a355204156,Computer,NO,3,91,3.2967,,SERIES,"Fanny og Alexander, Episode 1",1,1
2013-01-22 08:42:02,2fffac6220a6b4458efe9667a9c550b1,621046a354a345a1b519e770015454e0,Computer,NO,8,,,,,,,
2013-03-08 21:18:09,2fffac6220a6b4458efe9667a9c550b1,5135ef28e4b0b1a35520426e,Computer,NO,96,100,96,,MOVIE,Rise of the Planet of the Apes,,
2013-03-10 20:37:19,8ba22276bcdb926cb06b3dbfb3f1a056,5135ef42e4b0b1a3552047ff,Computer,NO,68,75,90.6667,,SERIES,"The Newsroom, We Just Decided To",1,1
2013-03-12 19:47:08,f47cab0fd982ad141755c85243a7113f,5135ef3de4b0b1a35520461f,Computer,NO,21,21,100,,SERIES,"Solsidan, Parmiddagshets",1,4
2013-03-12 20:44:53,f944269f3d49d600b9a055d1d10a6b55,5135ef2fe4b0b1a355204388,Computer,NO,3,79,3.7975,,MOVIE,Shelter Island,,
2013-01-30 11:35:42,d41d8cd98f00b204e9800998ecf8427e,7481c27000364862be6c3fc6669e7b9d,Computer,NO,34,,,,,,,
2013-03-11 20:17:42,a7a365d24418c9a04ced50ffb563550b,5135ef42e4b0b1a3552047d7,Computer,NO,10,192,5.2083,,MOVIE,The Lord of the Rings: The Return of the King,,
2013-03-18 09:12:04,1e4e75dd84bb475445ea989eaad11e6f,5135ef5fe4b0b1a35520538f,Computer,NO,7,124,5.6452,,MOVIE,Captain America: The First Avenger,,
2013-01-01 21:19:30,6fc1aa80f69a58f3efa654496fa363af,e222ade89b37479aacc0baabfc4b89d8,Computer,,92,,,,,,,
2013-01-31 20:12:10,5df00bc3fbd175e34c3b24b8f1e584b1,1e8b4d7f765c445ca2669b4c2b2915e0,Computer,NO,4,,,,,,,
2013-03-15 11:48:35,2fffac6220a6b4458efe9667a9c550b1,5135ef67e4b0b1a35520546a,Computer,NO,1,83,1.2048,,MOVIE,Flypaper,,
2013-03-19 17:38:43,9451b56e46c57876e0233ec9ca7c0389,5135ef3ce4b0b1a3552045e0,Computer,NO,1,85,1.1765,,MOVIE,The Darkest Hour,,
2013-01-07 10:26:21,24e237914937760b01bd31b38cfb32ce,bc452e2569064654846ad554942f2409,Computer,NO,3,,,,,,,
2013-03-09 08:53:10,c1dcf9a095b743021ad2ed3314bfff5c,5135ef11e4b0b1a355203ff2,Computer,NO,2,55,3.6364,,SERIES,"Dexter, Argentina",7,8
2013-03-13 20:59:53,2fffac6220a6b4458efe9667a9c550b1,5135ef2ee4b0b1a35520436f,Computer,NO,91,96,94.7917,,MOVIE,Shame,,
2013-03-13 08:53:58,f944269f3d49d600b9a055d1d10a6b55,5135ef47e4b0b1a355204bd5,Computer,NO,77,77,100,,MOVIE,The Squid and the Whale,,
2013-03-15 09:37:16,e7333de99057ef6b2b9532392114b978,5135efc6e4b0b1a3552078bf,Computer,NO,2,127,1.5748,,MOVIE,Mission Impossible: Ghost Protocol,,
2013-03-13 08:32:10,b6299812893cf7c76460bf9b79dce571,5135ef41e4b0b1a355204712,Computer,SE,1,127,0.7874,,MOVIE,The Karate Kid,,
2013-03-19 20:36:20,974c1ed59a5162dd45d21f4ac0cebbbd,5135efc6e4b0b1a3552078bf,Computer,NO,1,127,0.7874,,MOVIE,Mission Impossible: Ghost Protocol,,
2013-03-08 12:04:45,cb34513c5ef28482ce81b4df82673567,5135ef25e4b0b1a35520420e,Computer,NO,42,86,48.8372,,MOVIE,Puss in Boots,,
2013-03-17 16:51:24,8ba22276bcdb926cb06b3dbfb3f1a056,5135ef89e4b0b1a3552063e7,Computer,NO,91,100,91,,MOVIE,Jay and Silent Bob Strike Back,,
2013-01-09 09:14:42,cafafe56ac004ddcdf01ac3e9643ff09,ac6f8b8f9e824685a488e2aa30e80c2b,Computer,NO,87,,,,,,,
2013-03-18 18:38:02,1d6c2f8baad5c26293092ae182a2cf92,5135ef63e4b0b1a355205402,Computer,NO,2,88,2.2727,,MOVIE,KanonBall: En film med baller,,
2013-03-08 11:59:58,cb34513c5ef28482ce81b4df82673567,5135ef3ee4b0b1a35520464e,Computer,NO,4,89,4.4944,,MOVIE,The Good Girl,,
2013-03-09 22:55:41,a01902866e208547d55a21ab6cae2932,5135ef42e4b0b1a3552047ff,Computer,NO,34,75,45.3333,,SERIES,"The Newsroom, We Just Decided To",1,1
2013-03-12 14:31:29,c894d818eab4ae7e2844ee157c28e22d,5135ef0be4b0b1a355203f5d,Computer,NO,2,54,3.7037,,SERIES,"Boardwalk Empire, Resolution",3,1
2013-01-27 21:50:12,d41d8cd98f00b204e9800998ecf8427e,57476f0be5684bc7a42e95e907b8b8d3,Computer,NO,2,,,,,,,
2013-01-30 15:04:10,d41d8cd98f00b204e9800998ecf8427e,1df973fd-c902-45bb-937d-d1d45c644031,Computer,,11,,,,,,,
2013-01-23 21:14:31,d41d8cd98f00b204e9800998ecf8427e,25e4b8150e2f4e049bbbbdf639316421,Computer,NO,20,,,,,,,
2013-01-24 12:24:09,d41d8cd98f00b204e9800998ecf8427e,25e4b8150e2f4e049bbbbdf639316421,Computer,NO,4,,,,,,,
2013-01-14 12:51:14,39b59f31db467aa8b025637e89953502,cf369cc4a1784eb1b6752e29e0d5aa9e,Computer,NO,26,,,,,,,
2013-01-31 15:39:02,d535669768016018e0b1d2b3f56a5a49,cf369cc4a1784eb1b6752e29e0d5aa9e,Computer,NO,2,,,,,,,
2013-01-07 10:02:51,d535669768016018e0b1d2b3f56a5a49,d5f8ff33002248f2ab198da4622a6c4d,Computer,NO,1,,,,,,,
2013-01-10 12:13:30,d535669768016018e0b1d2b3f56a5a49,d5f8ff33002248f2ab198da4622a6c4d,Computer,NO,2,,,,,,,
2013-03-16 08:55:32,a8b89e93d8098df072ab1caa2e473140,5135ef42e4b0b1a3552047e3,Computer,NO,1,171,0.5848,,MOVIE,The Lord of the Rings: The Two Towers,,
2013-03-15 09:13:50,24e237914937760b01bd31b38cfb32ce,5135ef48e4b0b1a355204bff,Computer,NO,18,105,17.1429,,MOVIE,De tre musketerer,,
2013-01-19 12:17:17,d41d8cd98f00b204e9800998ecf8427e,aef1f6e0d71e4eef8c349b55b01c6db0,Computer,NO,20,,,,,,,
2013-01-24 20:40:02,d41d8cd98f00b204e9800998ecf8427e,d5f8ff33002248f2ab198da4622a6c4d,Computer,NO,15,,,,,,,
2013-03-08 11:31:33,1d6c2f8baad5c26293092ae182a2cf92,5135ef33e4b0b1a355204434,Computer,NO,23,111,20.7207,,MOVIE,Speed,,
2013-03-12 15:30:19,a0a41a29bf55d2fab94fcd6670c40ba5,5135ef28e4b0b1a35520426e,Computer,NO,1,100,1,,MOVIE,Rise of the Planet of the Apes,,
2013-02-07 10:17:23,66dad68b61ed279910694043a0f9aa58,86f21cfd248e44299a1f3e4e34b0ba63,Computer,NO,17,,,,,,,
2013-03-08 15:55:54,728d21778d75f99b46dc9462eb0b75ff,5135ef28e4b0b1a35520426e,Computer,NO,4,100,4,,MOVIE,Rise of the Planet of the Apes,,
2013-03-14 21:49:22,96e98987abe7d1abe5ffe4ebcb79aa4d,5135ef25e4b0b1a35520420e,Computer,NO,1,86,1.1628,,MOVIE,Puss in Boots,,
2013-03-16 21:30:37,2fffac6220a6b4458efe9667a9c550b1,5135ef43e4b0b1a355204863,Computer,NO,6,79,7.5949,,MOVIE,Surikatene,,
2013-03-07 17:23:21,2fffac6220a6b4458efe9667a9c550b1,5135ef28e4b0b1a35520426a,Computer,NO,6,99,6.0606,,MOVIE,Rio,,
2013-03-10 18:24:52,ab9326af91918ef36e9499f6847ff96e,5135ef0ae4b0b1a355203f1d,Computer,NO,2,50,4,,SERIES,"Bedlam, The Long Drop",2,1
2013-03-11 21:30:25,8ba22276bcdb926cb06b3dbfb3f1a056,5135ef42e4b0b1a355204822,Computer,NO,50,52,96.1538,,SERIES,"The Newsroom, Amen",1,5
2013-03-15 18:55:24,59b83305c14429acb6775e52d39db349,5135ef30e4b0b1a3552043ab,Computer,NO,2,125,1.6,,MOVIE,Showgirls,,
2013-01-31 21:57:09,5df00bc3fbd175e34c3b24b8f1e584b1,a787eeb2ff164d65853617e64e5b3722,Computer,NO,23,,,,,,,
2013-03-07 17:11:35,2fffac6220a6b4458efe9667a9c550b1,5135ef24e4b0b1a3552041e7,Computer,NO,11,85,12.9412,,MOVIE,POOLBOY,,
2013-03-10 22:48:50,8ba22276bcdb926cb06b3dbfb3f1a056,5135ef42e4b0b1a355204813,Computer,NO,53,52,101.9231,,SERIES,"The Newsroom, The 112th Congress",1,3
2013-03-09 14:25:46,9451b56e46c57876e0233ec9ca7c0389,5135ef4be4b0b1a355204dfd,Computer,NO,85,87,97.7011,,MOVIE,Three Inches,,
2013-03-13 21:40:49,a7a365d24418c9a04ced50ffb563550b,5135ef20e4b0b1a355204185,Computer,NO,1,86,1.1628,,MOVIE,Our Idiot Brother,,
2013-03-11 10:34:56,208178792125beacc9d6571914cc7c27,5135ef20e4b0b1a355204185,Computer,NO,51,86,59.3023,,MOVIE,Our Idiot Brother,,
2013-01-14 21:23:54,d41d8cd98f00b204e9800998ecf8427e,eb196824b1944a559a7bf947d6eae2d1,Computer,0,14,,,,,,,
2013-03-13 08:46:46,b6299812893cf7c76460bf9b79dce571,5135ef42e4b0b1a3552047d7,Computer,NO,4,192,2.0833,,MOVIE,The Lord of the Rings: The Return of the King,,
2013-01-14 13:59:15,24e237914937760b01bd31b38cfb32ce,e222ade89b37479aacc0baabfc4b89d8,Computer,NO,3,,,,,,,
2013-01-18 11:16:00,d41d8cd98f00b204e9800998ecf8427e,6630bec0172049d3b712b0bd583f1b20,Computer,NO,2,,,,,,,
2013-03-10 22:03:42,57c404102d5264039ccf152a11917600,5135ef42e4b0b1a355204837,Computer,NO,31,52,59.6154,,SERIES,"The Newsroom, Ill Try to Fix You",1,4
2013-02-12 13:36:54,728d21778d75f99b46dc9462eb0b75ff,cf369cc4a1784eb1b6752e29e0d5aa9e,Computer,NO,5,,,,,,,
2013-01-15 10:11:19,3204079164e1e0f8cc979ae88b773030,a787eeb2ff164d65853617e64e5b3722,Computer,NO,5,,,,,,,
2013-01-03 15:34:29,5df00bc3fbd175e34c3b24b8f1e584b1,413a6b14b8d8492087494ac66e9ac66e,Computer,,1,,,,,,,
2013-03-09 08:57:12,c1dcf9a095b743021ad2ed3314bfff5c,5135ef25e4b0b1a35520420e,Computer,NO,5,86,5.814,,MOVIE,Puss in Boots,,
2013-03-12 14:52:50,c894d818eab4ae7e2844ee157c28e22d,5135ef4ce4b0b1a355204eb0,Computer,NO,1,122,0.8197,,MOVIE,Muldvarpen,,
2013-03-18 13:49:54,66dad68b61ed279910694043a0f9aa58,5135ef28e4b0b1a35520426e,Computer,NO,54,100,54,,MOVIE,Rise of the Planet of the Apes,,
2013-02-10 21:31:44,d41d8cd98f00b204e9800998ecf8427e,eb196824b1944a559a7bf947d6eae2d1,Computer,0,55,,,,,,,
2013-03-08 08:55:53,c4ef22ed1bac50bb486b645ce3649617,5135ef20e4b0b1a355204185,Computer,NO,7,86,8.1395,,MOVIE,Our Idiot Brother,,
2013-03-15 21:27:04,2fffac6220a6b4458efe9667a9c550b1,5135ef52e4b0b1a355205270,Computer,NO,124,135,91.8519,,MOVIE,X-Men: First Class,,
2013-03-16 11:30:40,f944269f3d49d600b9a055d1d10a6b55,5135ef5fe4b0b1a35520538f,Computer,NO,1,124,0.8065,,MOVIE,Captain America: The First Avenger,,
2013-03-11 18:54:49,bc395c6407e24b83ad98ae12ba84a4d0,5135ef0be4b0b1a355203f5d,Computer,NO,1,54,1.8519,,SERIES,"Boardwalk Empire, Resolution",3,1
2013-03-10 23:07:52,4017242c85fcb6931f35f5ea8dac4e51,5135ef28e4b0b1a35520426e,Computer,NO,7,100,7,,MOVIE,Rise of the Planet of the Apes,,
2013-03-10 21:06:36,57c404102d5264039ccf152a11917600,5135ef42e4b0b1a355204813,Computer,NO,54,52,103.8462,,SERIES,"The Newsroom, The 112th Congress",1,3
2013-03-17 17:11:27,57c404102d5264039ccf152a11917600,5135ef42e4b0b1a355204822,Computer,NO,50,52,96.1538,,SERIES,"The Newsroom, Amen",1,5
2013-01-04 09:22:47,c4ef22ed1bac50bb486b645ce3649617,eb196824b1944a559a7bf947d6eae2d1,Computer,,11,,,,,,,
2013-03-09 19:29:44,9451b56e46c57876e0233ec9ca7c0389,5135ef26e4b0b1a355204230,Computer,NO,19,87,21.8391,,MOVIE,Red Faction: Origins,,
2013-03-10 19:39:52,96e98987abe7d1abe5ffe4ebcb79aa4d,5135ef0be4b0b1a355203f5d,Computer,NO,1,54,1.8519,,SERIES,"Boardwalk Empire, Resolution",3,1
2013-01-01 21:16:53,6fc1aa80f69a58f3efa654496fa363af,3e26762a837a47e484289097ae8392be,Computer,,2,,,,,,,
2013-03-07 15:31:26,7bbb70cca3abc6395c8f8be08f9615d7,5135ef28e4b0b1a35520426a,Computer,NO,14,99,14.1414,,MOVIE,Rio,,
2013-03-19 13:29:40,bdea53d27ac92cbaaff2293040cf71d6,5135ef4ee4b0b1a35520505a,Computer,NO,2,99,2.0202,,MOVIE,Trolljegeren,,
2013-03-19 17:28:54,9451b56e46c57876e0233ec9ca7c0389,5135ef53e4b0b1a355205276,Computer,NO,2,89,2.2472,,MOVIE,Young Adult,,
2013-03-15 09:46:06,e7333de99057ef6b2b9532392114b978,5135ef4ce4b0b1a355204ecc,Computer,NO,1,73,1.3699,,MOVIE,Tintin og jeg,,
2013-03-12 20:32:11,f944269f3d49d600b9a055d1d10a6b55,5135ef42e4b0b1a3552047d7,Computer,NO,6,192,3.125,,MOVIE,The Lord of the Rings: The Return of the King,,
2013-03-10 11:02:02,f944269f3d49d600b9a055d1d10a6b55,5135ef3ee4b0b1a35520465d,Computer,NO,4,89,4.4944,,MOVIE,The Good Night,,
2013-01-06 00:52:47,2ce11265419bd103932270ffefe4ee66,79d0c3b0fe884e57bd078b07f7388f50,Computer,,1,,,,,,,
2013-03-19 23:01:56,cafafe56ac004ddcdf01ac3e9643ff09,5135ef5fe4b0b1a35520538f,Computer,NO,118,124,95.1613,,MOVIE,Captain America: The First Avenger,,
2013-01-16 09:25:33,f653582eb8c79568ddf1b1fd665b033d,6b0bb90b1c5241e5b40d65a45300e9a5,Computer,NO,1,,,,,,,
2013-03-18 09:15:56,39b59f31db467aa8b025637e89953502,5135ef26e4b0b1a355204227,Computer,NO,1,28,3.5714,,SERIES,"Girls, One Man's Trash",2,5
2013-03-17 18:59:41,1fcad896447f75b7d735ca57ccc23723,5135ef42e4b0b1a3552047ff,Computer,NO,70,75,93.3333,,SERIES,"The Newsroom, We Just Decided To",1,1
2013-02-12 14:12:09,a0a41a29bf55d2fab94fcd6670c40ba5,c5607cb256964c8ca9cc94d9ee1b7ac5,Computer,NO,1,,,,,,,
2013-03-19 13:35:59,b78d3dfe1caf1205f3df0cab2be0098e,5135ef4ee4b0b1a35520505a,Computer,NO,1,99,1.0101,,MOVIE,Trolljegeren,,
2013-01-16 08:23:32,a017a76e9ce0e79daad1fadc384c2a65,19ed413cea7d4358b3412c7f2e4988c3,Computer,NO,1,,,,,,,
2013-01-23 20:50:45,d41d8cd98f00b204e9800998ecf8427e,86f21cfd248e44299a1f3e4e34b0ba63,Computer,NO,1,,,,,,,
2013-03-12 20:50:26,f944269f3d49d600b9a055d1d10a6b55,5135ef5fe4b0b1a35520538f,Computer,NO,2,124,1.6129,,MOVIE,Captain America: The First Avenger,,
2013-03-12 22:10:57,8ba22276bcdb926cb06b3dbfb3f1a056,5135ef44e4b0b1a3552048e6,Computer,NO,51,52,98.0769,,SERIES,"The Newsroom, The Blackout Part II: Mock Debate",1,9
2013-03-13 20:11:56,2fffac6220a6b4458efe9667a9c550b1,5135ef4be4b0b1a355204e5b,Computer,NO,3,25,12,,SERIES,"Weeds, Messy",8,1
2013-03-17 19:04:00,f352315e47ee7f8e252c4a1069d919ad,5135ef20e4b0b1a355204185,Computer,NO,1,86,1.1628,,MOVIE,Our Idiot Brother,,
2013-03-09 22:19:28,77f9632870b0b49a45cea15b530e788e,5135ef45e4b0b1a355204a0c,Computer,NO,96,95,101.0526,,MOVIE,The River King,,
2013-03-16 12:12:55,c4ef22ed1bac50bb486b645ce3649617,5135ef09e4b0b1a355203f12,Computer,NO,2,48,4.1667,,SERIES,"Banshee, The Kindred",1,5
2013-03-19 17:19:15,874b23419e2c1bd2dd73aafca3556a26,5135ef0ce4b0b1a355203f62,Computer,NO,54,55,98.1818,,SERIES,"Boardwalk Empire, Spaghetti and Coffee",3,2
2013-03-19 20:23:04,6b793d784d99e4ba226ee38bc761c670,5135ef3ce4b0b1a3552045e0,Computer,NO,2,85,2.3529,,MOVIE,The Darkest Hour,,
2013-03-19 20:09:23,6b793d784d99e4ba226ee38bc761c670,5135eebee4b0b1a3552038d6,Computer,NO,4,95,4.2105,,MOVIE,D<f8>den p<e5> Oslo S,,
2013-03-12 20:40:18,4017242c85fcb6931f35f5ea8dac4e51,5135ef2be4b0b1a3552042f1,Computer,NO,2,21,9.5238,,SERIES,"Kontoret, Nedsk<e4>rningar",1,1
2013-01-10 14:36:47,66dad68b61ed279910694043a0f9aa58,cf369cc4a1784eb1b6752e29e0d5aa9e,Computer,NO,4,,,,,,,
2013-01-28 11:19:46,d41d8cd98f00b204e9800998ecf8427e,19ed413cea7d4358b3412c7f2e4988c3,Computer,NO,21,,,,,,,
2013-03-19 17:36:21,9451b56e46c57876e0233ec9ca7c0389,5135ef16e4b0b1a355204065,Computer,NO,2,131,1.5267,,MOVIE,Gosford Park,,
2013-01-07 20:42:16,66dad68b61ed279910694043a0f9aa58,d5f8ff33002248f2ab198da4622a6c4d,Computer,NO,1,,,,,,,
2013-03-10 01:15:40,0898252f86a9a3bd624615cb248172b6,5135ef49e4b0b1a355204c87,Computer,NO,97,99,97.9798,,MOVIE,Elsk meg igjen,,
2013-03-07 13:23:54,b6299812893cf7c76460bf9b79dce571,5135ef20e4b0b1a355204185,Computer,NO,9,86,10.4651,,MOVIE,Our Idiot Brother,,
2013-03-15 20:10:04,b78d3dfe1caf1205f3df0cab2be0098e,5135eecae4b0b1a355203a77,Computer,NO,4,75,5.3333,,MOVIE,Kong Curling,,
2013-03-15 11:43:59,2fffac6220a6b4458efe9667a9c550b1,5135ef63e4b0b1a3552053ea,Computer,NO,4,93,4.3011,,MOVIE,Det syvende innseglet,,
2013-03-17 22:21:23,57c404102d5264039ccf152a11917600,5135ef43e4b0b1a355204888,Computer,NO,29,55,52.7273,,SERIES,"The Newsroom, Bullies",1,6
2013-01-01 19:55:28,6fc1aa80f69a58f3efa654496fa363af,b8bae419e62c483c8a764f1ae398960c,Computer,,70,,,,,,,
2013-01-30 12:02:19,a01902866e208547d55a21ab6cae2932,cf369cc4a1784eb1b6752e29e0d5aa9e,Computer,,28,,,,,,,
2013-03-19 21:23:43,974c1ed59a5162dd45d21f4ac0cebbbd,5135ef43e4b0b1a35520486e,Computer,NO,1,89,1.1236,,MOVIE,Menn som stirrer p<e5> geiter,,
2013-03-12 20:09:18,8ba22276bcdb926cb06b3dbfb3f1a056,5135ef43e4b0b1a35520489e,Computer,NO,50,50,100,,SERIES,"The Newsroom, 5/1",1,7
2013-03-19 13:23:46,e84163789c2776b39011f0bd54316d9f,5135ef0ae4b0b1a355203f3c,Computer,NO,4,21,19.0476,,SERIES,"Blomstertid, Episode 1",1,1
2013-01-15 12:58:12,d41d8cd98f00b204e9800998ecf8427e,cf369cc4a1784eb1b6752e29e0d5aa9e,Computer,,29,,,,,,,
2013-06-25 15:39:38,bf7b1a1014f2f06eadf02bb1012805d4,51950a1fe4b00cb455300502,iPad,,11,41,26.8293,5.76111676959749,SERIES,"The Guardian, The Funnies",1,9
2013-08-20 19:36:17,bed7c6cbba18f1f38488cd408006df81,514d7d4ce4b06d8d2a654e83,Computer,NO,22,40,55,7.47167989779682,SERIES,"Heroes, The Eclipse Part 2",3,11
2013-06-24 17:13:18,d9e2adcf90a2a23bd0a7b3f096e41479,5135ef6ae4b0b1a3552054b4,Computer,NO,97,104,93.2692,4.47544329027938,MOVIE,Hamilton  I nasjonens interesse,,
2013-07-06 17:24:44,783a420ec893ab6feb315d27eb4f4c3a,51c1b183e4b076a016db067b,Computer,NO,98,103,95.1456,,MOVIE,From Dusk Till Dawn,,
2013-09-22 07:03:14,59b83305c14429acb6775e52d39db349,5203b59de4b0ce7ac8903c84,iPad,,4,24,16.6667,3.76461095200013,SERIES,"St<e5> P<e5> Diego!, St<e5> P<e5> Diego! Episode 9",1,9
2013-06-25 19:23:57,84900790bb936ddd2f6d414a5af0668a,5135ef17e4b0b1a35520408e,iPad,,9,81,11.1111,5.41501322575884,MOVIE,Kaos,,
2013-06-22 20:09:32,c79d4e0f1ca67c7e9e0a159c92a8212b,5183b447e4b0d89e0ebd1561,Computer,NO,83,87,95.4023,4.71664227530503,MOVIE,Happy Campers,,
2013-06-18 09:36:25,84bdc63791f0abcb56548744caae668b,5135ef6ae4b0b1a3552054b4,Computer,NO,94,104,90.3846,4.54894180610949,MOVIE,Hamilton  I nasjonens interesse,,
2013-08-17 16:35:50,1779eae32a8bff5205393b6955c60755,51d53ce4e4b0d1aa9e8a2b5b,Computer,NO,1,39,2.5641,5.70669465692922,SERIES,"Falling Skies, Search and Recovery",3,5
2013-06-21 20:01:18,07d982060a070c61fdd031651ac6a251,5135ef52e4b0b1a35520526a,Computer,SE,83,86,96.5116,7.60254502715159,MOVIE,Wrecked,,
2013-08-24 08:28:15,682939406efeffe595b37fccc4f7bcb9,51cb0843e4b07bd9aab43433,Computer,NO,44,44,100,3.31185137410208,SERIES,"The Shield, Circles",1,13
2013-08-19 15:30:10,b91c19332bf10413c698d039362e5297,51b647c4e4b07bd9f9ce3ef1,iPad,,2,10,20,,SERIES,"Elias, Velkommen til Lunvik",1,1
2013-08-09 10:49:37,e47065240201fe44430ea2f5194c0de3,51faafbbe4b0649949711087,Computer,NO,19,21,90.4762,,SERIES,"Samantha Who?, The Restraining Order",1,5
2013-10-19 08:41:35,2f184c06c307c6fca9c3b822cac8fc85,5203b5b1e4b0ce7ac8903e98,iPad,,3,23,13.0435,3.95928003316034,SERIES,"Svampebob Firkant , Svampebob Firkant  S02E01",2,1
2013-08-25 21:02:24,716efb56bcbcb5afc5adee866c68d4d6,5135ef93e4b0b1a355206938,Computer,NO,1,99,1.0101,3.47292952082975,MOVIE,Kompani Orheim,,
2013-08-14 19:49:50,188308a72f7eaa03fc05e396aee89252,520b4eb9e4b0e948df009624,Computer,NO,52,52,100,5.94930296068339,SERIES,"Dexter, A little Reflection",8,6
2013-08-12 19:26:17,d099cbedde87a81581a0d23dbd8aace0,5208f3d8e4b05fc306a35fd1,Computer,SE,4,51,7.8431,5.47517408019946,SERIES,"True Blood, Life Matters",6,9
2013-06-23 18:02:13,efcf16e4636e3d20cff315ffdf6d7138,5135ef3de4b0b1a35520461f,Computer,NO,21,21,100,4.85700265827879,SERIES,"Solsidan, Parmiddagshets",1,4
2013-08-31 14:16:12,2c381509ad73234326b5fc02bf38a550,51a5ef12e4b0417a2773745b,Computer,SE,41,41,100,,SERIES,"Desperate Housewives, We're So Happy, You're So Happy",5,2
2013-09-02 17:15:09,832ca6c70e6b7308d4aa8dc5b6b1dbb3,51f76f4ae4b0f3607452e1e8,iPad,,24,41,58.5366,,SERIES,"Once Upon A Time , HEART IS A LONELY HUNTER, THE",1,7
2013-08-19 20:29:57,c05d36142e86f86b15c6f4f9878299c8,51950c7ae4b00cb4553007cb,Computer,NO,41,43,95.3488,4.23571671602834,SERIES,"The Guardian, In Loco Parentis",1,15
2013-07-04 03:17:00,52cd3084ae2750690658ee35d61f5399,518416b8e4b0d89e0ebd2bbd,iPad,,12,88,13.6364,,MOVIE,Zebra Lounge,,
2013-07-09 14:38:10,0948aa814b460394977ae01bd565b607,51d1ac71e4b07bd9aac4d597,Computer,NO,80,86,93.0233,6.70193013011769,MOVIE,The Hit List,,
2013-09-07 17:20:28,a2509d43087d6ff56147f088bc9b5eee,5203b596e4b0ce7ac8903bd6,Computer,NO,23,24,95.8333,4.88490188549933,SERIES,"Dora utforskeren , Dora utforskeren  S01E17",1,17
2013-07-27 22:54:27,7aac9b1a9926c75693ac43928593b631,5135ef59e4b0b1a3552052ed,Computer,NO,6,92,6.5217,,MOVIE,Army of Darkness,,
2013-08-02 18:54:14,493123dec73ffb3a2f71427271621fcd,51540953e4b06d8d2a6a865e,Computer,NO,28,28,100,6.29460734413966,SERIES,"Girls, Boys",2,6
2013-09-08 12:01:14,97709725ac306806f129e10ffbd35973,5135ef08e4b0b1a355203efb,Computer,NO,47,48,97.9167,3.44264570499569,SERIES,"Banshee, The Rave",1,2
2013-07-08 19:54:13,332444f1be79d9ccf7459fa713a5d681,51ac9da6e4b05e08f684c785,iPad,,41,48,85.4167,6.40826260998843,SERIES,"Game of Thrones, The Rains of Castamere",3,9
2013-08-12 18:05:41,589364ec1fbe92943ce669a42c6cef5c,514d8494e4b06d8d2a6555cb,iPad,,5,45,11.1111,,SERIES,"Mad Men, Out of Town",3,1
2013-09-09 06:07:25,821fd96d88abed622a67dd8390c8de06,5177c9abe4b0c4c9139d729e,iPad,,13,26,50,,SERIES,"Veep, Signals",2,2
2013-06-26 22:56:25,08005fdd537fdff4905b0e8d9ad9aea0,5135ef40e4b0b1a3552046c9,Computer,NO,53,96,55.2083,4.83484828292506,MOVIE,Maktens menn,,
2013-07-27 13:35:42,180e3c1eac5eb013de7c3f30b6562e29,514c1501e4b0a24d9d6b8be6,iPad,,20,75,26.6667,5.47517408019946,MOVIE,Gubben og Katten 2  Findus drar til m<e5>nen,,
2013-06-21 18:59:25,db3aafbca32f43343dddcc01cd339c35,5135ef49e4b0b1a355204c87,iPad,,11,99,11.1111,6.15690380969722,MOVIE,Elsk meg igjen,,
2013-07-02 20:37:14,f98bbe79237d647a558ec9b2ac44e485,5135ef4ce4b0b1a355204eb0,iPad,,2,122,1.6393,,MOVIE,Muldvarpen,,
2013-07-13 12:57:35,7cd534ef11daf87bee8c40bcc4b0996b,51b8498be4b01a793d891f0c,Computer,NO,5,5,100,4.01944088760096,SERIES,"Pingu, Episode 24",4,24
2013-09-05 18:20:29,f75d177fdd0ce42fa5ebeb41b49e7518,51b8d62ce4b01a793d8a54c8,Computer,NO,24,39,61.5385,5.16476966019715,SERIES,"Reaper , Pilot",1,1
2013-08-24 05:45:07,034faa5c4a848e76338f9a25496f7c0f,5135efdce4b0b1a355207d70,Computer,,10,91,10.989,,MOVIE,Hopp,,
2013-07-21 17:05:15,59898090575fbb82c00db47703e75a57,5135eecae4b0b1a355203a77,Computer,NO,75,75,100,8.17198036975845,MOVIE,Kong Curling,,
2013-06-28 16:18:23,59f7e770938f405291479fe3d215a5d2,51a5ef00e4b0417a277372df,iPad,,42,41,102.439,6.58628877531004,SERIES,"Desperate Housewives, Anything You Can Do",1,7
2013-08-02 16:19:28,027093a59d8a17d84700da522d81d9a5,51acab77e4b05e08f684e60f,Computer,NO,41,41,100,5.84820910651874,SERIES,"Desperate Housewives, I'm Still Here",7,13
2013-09-07 08:45:14,8eb7182ff84904005bd893aa6ab45f16,52249f76e4b0a4e9d894a1bf,Computer,NO,3,53,5.6604,1.9258720297719,SERIES,"Dexter, Episode 9",8,9
2013-09-08 15:49:00,992e87d6223c27c63858c87196889cdb,51f76f4be4b0f3607452e20d,iPad,,42,42,100,,SERIES,"Once Upon A Time , TRUE NORTH",1,9
2013-08-01 09:39:08,d3adab9506b0a8590294f56bce542751,51f95936e4b0f3607454add1,Computer,NO,82,86,95.3488,3.32828503409572,MOVIE,Hamilton  Men inte om det gj<e4>lder din dotter,,
2013-06-05 05:52:30,66dad68b61ed279910694043a0f9aa58,5135eecae4b0b1a355203a77,iPad,,5,75,6.6667,,MOVIE,Kong Curling,,
2013-09-07 16:04:40,f4a49c111f19facc4986b045d390a373,5203b596e4b0ce7ac8903bdf,Computer,SE,1,24,4.1667,4.78770560892935,SERIES,"Dora utforskeren , Dora utforskeren  S01E02",1,2
2013-07-07 15:47:11,0fa143d9b44524d43d8d92135249692f,5135ef25e4b0b1a35520420e,Computer,NO,85,86,98.8372,6.62568370492909,MOVIE,Puss in Boots,,
2013-06-22 13:50:32,606d571bc2e4b97532d58cd6f81e12c4,517e53ffe4b0edc89ab377a9,iPad,,5,106,4.717,5.04253554453018,MOVIE,Intimate Enemies,,
2013-07-23 18:25:15,9b1b8187801a25ea5fffc32b27633273,5135ef4ce4b0b1a355204ebd,Computer,NO,25,27,92.5926,6.08008666981842,SERIES,"Weeds, Five Miles From Yetzer Hara",8,8
2013-09-30 06:09:27,67a8b53a21dd3f896a895c1e823303a5,51b84e16e4b01a793d892957,iPad,,1,137,0.7299,,MOVIE,Skyfall,,
2013-08-03 06:35:00,8760ff3117317e006d93fba51cfff41d,514c1501e4b0a24d9d6b8be6,iPad,,1,75,1.3333,,MOVIE,Gubben og Katten 2  Findus drar til m<e5>nen,,
2013-07-18 20:27:39,b20cd240f4c3a0392fe3a294d8418790,517e53fee4b0edc89ab3779e,Computer,NO,1,123,0.813,1.5714656297935,MOVIE,Forelsket - Forvirret,,
2013-06-24 17:03:31,8d77ab5a71d34ead6501a07fb46a2fdb,5135ef3de4b0b1a355204642,Computer,SE,21,21,100,5.39892765501086,SERIES,"Solsidan, Alex mamma har en ny kille",2,3
2013-09-02 14:25:49,2cc40a21f707e8a6ce2bf50985a813ae,51ef3cd1e4b06324bda2d917,Computer,NO,26,90,28.8889,6.4559530850289,MOVIE,Just Friends,,
2013-07-18 07:53:25,55c56f0daca438372293122b7de8f5e8,51b1d630e4b03eb03afab8c4,Computer,NO,7,5,140,4.64420507038095,SERIES,"Lokomotivet Thomas og vennene hans, Henrys triste historie",1,3
2013-08-25 11:06:28,29d7f15c09204c6d08209bdb74672bde,51af7f8de4b03d330fd86620,Computer,NO,3,10,30,6.33400227375871,SERIES,"Roary the Racing Car, Episode 4",1,4
2013-08-05 23:36:24,1ee7b91b02a1d590aace5bd88584ded3,514d81e4e4b06d8d2a655353,Computer,SE,41,41,100,,SERIES,"Heroes, Distractions",1,14
2013-06-18 18:05:01,83b4548f216e524dc8d1b30a7df076c3,51bf312ae4b09542b50caf56,iPad,,3,49,6.1224,,SERIES,"True Blood, Who Are You, Really?",6,1
2013-06-28 21:28:43,802ebb07992ff321b7af998155abd633,517e53fee4b0edc89ab3779e,iPad,,119,123,96.748,7.51658512349603,MOVIE,Forelsket - Forvirret,,
2013-08-04 23:00:01,c9a63fa2db7578a2795ee16fb030790b,5191497ee4b0613c7cf26b8d,iPad,,56,55,101.8182,6.32389581523495,SERIES,"Game of Thrones, The Bear and the Maiden Fair",3,7
2013-07-01 21:38:23,d13627e03cc42e385decb7481c5fc3db,5135ef96e4b0b1a355206b45,iPad,,84,112,75,6.8178093520398,MOVIE,22 Bullets,,
2013-06-18 19:27:09,5aee6993d5fe01c35f401e6f937c0d62,519500c0e4b00cb4552ffac6,iPad,,13,217,5.9908,5.98391961974057,MOVIE,Lawrence of Arabia,,
2013-08-16 13:11:12,a93912901008085fad1dbbad7dab39b2,519f7eb8e4b04da5900d7054,iPad,,5,5,100,5.83410962472963,SERIES,"<d8>isteins Blyant, Elefant",1,1
2013-10-16 06:48:29,a72753a4323564663857d9c059d72118,5203b5afe4b0ce7ac8903e65,iPad,,14,23,60.8696,,SERIES,"Svampebob Firkant , Svampebob Firkant  S01E01",1,1
2013-08-05 21:00:11,728df2a4a5873994f39eef94d0fd2a19,5135ef09e4b0b1a355203f0f,iPad,,5,54,9.2593,,SERIES,"Banshee, Half Deaf Is Better Than All Dead",1,4
2013-08-17 20:51:10,c5ef9392b56fea35c790d5cf5eb09229,5135ef70e4b0b1a3552055d3,iPad,,62,79,78.481,,MOVIE,H<e5>kan Br<e5>kan og Josef,,
2013-07-24 16:51:26,175a37c7c713879aee03c1d1787e4fb0,519a6803e4b05fb9b4fe3627,iPad,,39,54,72.2222,6.06016604492917,SERIES,"Game of Thrones, Second Sons",3,8
2013-07-19 17:56:21,ab2114577119db6f6e4dab45da031ce3,51cd71aae4b07bd9aaba4228,iPad,,1,88,1.1364,,MOVIE,Bad Teacher,,
2013-06-23 18:54:29,303b3df90c90c3eedd672ef355b8ef43,51aef2dde4b03d330fd7240f,iPad,,108,111,97.2973,6.91560550450661,MOVIE,Take This Waltz,,
2013-09-01 13:35:56,081d55c80aa2db30e0f9b479b37889f5,517e53cfe4b0edc89ab3742e,iPad,,1,74,1.3514,,MOVIE,Kaptein Sabeltann og Grusomme Gabriels skatt,,
2013-08-11 05:04:18,bd09a5614633f548b7de8d839ed98de8,52028260e4b0df13da9b2761,iPad,,87,162,53.7037,,MOVIE,The Hobbit: An Unexpected Journey,,
2013-08-07 01:07:40,e2c3a063dae84ace6d027bb53e5f753a,51e4056de4b0c421f52e7e86,Computer,NO,23,53,43.3962,3.26299686663557,SERIES,"True Blood, F**k the Pain Away",6,5
2013-10-16 17:10:33,fee3ce813388d1ef215d82f8e7939c07,5135ef13e4b0b1a355204018,Computer,NO,25,25,100,6.43355805781838,SERIES,"Emil i L<f8>nneberget, N<e4>r Emil for till marknaden",1,4
2013-08-31 19:58:04,5ec3d34b34746b6ec1ef8b2581ab8544,5135ef43e4b0b1a355204863,Computer,SE,77,79,97.4684,6.60385939240876,MOVIE,Surikatene,,
2013-06-15 02:25:49,01158d164594de767978a90dc46d87ab,51757af7e4b07f66f46f10be,Computer,NO,41,51,80.3922,7.03557022681792,SERIES,"Game of Thrones, And Now His Watch is Ended",3,4
2013-07-09 17:32:30,39720deefcaa7bf1df9ccd3631fda555,51af7f8de4b03d330fd86620,Computer,NO,6,10,60,4.51933353663003,SERIES,"Roary the Racing Car, Episode 4",1,4
2013-08-07 20:58:18,aac0c551c1622e06e3382e8604ed0b49,5135ef25e4b0b1a3552041fe,Computer,NO,1,26,3.8462,4.6836,SERIES,"Girls, I Get Ideas",2,2
2013-07-15 21:12:35,deb9ef198c56d1790dd2a98bcf650907,51cc3c42e4b07bd9aab73c7a,Computer,NO,8,132,6.0606,4.49317629155616,MOVIE,Master and Commander,,
2013-09-11 19:59:27,6e53db06521f9672a64830e40f87ea1e,522d4f61e4b0fb15fd0393ef,Computer,NO,8,89,8.9888,6.49826873712868,MOVIE,Brenda Starr,,
2013-07-30 22:28:21,38b3bb1e11f2daa791e42853209286ce,51a5ef11e4b0417a2773742e,Computer,NO,38,41,92.6829,5.50604646354479,SERIES,"Desperate Housewives, You're Gonna Love Tomorrow",5,1
2013-06-16 13:04:51,b440662df2de2391bc7555d38b5e7e76,51408e09e4b011612edb4cd3,Computer,NO,1,79,1.2658,5.07938704009973,MOVIE,The Dictator,,
2013-07-22 16:59:53,341d5376f8e87290dec221b675663eea,51e4289ee4b0c421f52ee6fc,Computer,NO,24,55,43.6364,6.15216519329003,SERIES,"Dexter, Every Silver Lining",8,2
2013-06-21 17:13:28,bba1135047459de5f2c048c3191fc0a6,517a6903e4b06e12acefff16,Computer,NO,9,124,7.2581,4.7508541133598,MOVIE,Fast & Furious 5,,
2013-09-14 16:33:27,1d2f72cc3d77132c423a7d4723437978,51f76f5fe4b0f3607452e3cf,Computer,NO,40,42,95.2381,4.58949464667399,SERIES,"Once Upon A Time , SKIN DEEP",1,12
2013-07-20 21:51:58,5c9baeae0d6ad65440579eb41d93906b,514d7d4ce4b06d8d2a654e9e,Computer,NO,41,41,100,,SERIES,"Heroes, Powerless",2,11
2013-09-19 18:26:13,683178b27a72121d41d4c22655febd0c,51f956a7e4b0f3607454ac51,Computer,NO,20,78,25.641,4.233390847232,MOVIE,28 Hotel Rooms,,
2013-08-14 22:51:07,d4679098a154ed89b71a458ee812c36b,51af1d19e4b03d330fd784d2,Computer,SE,20,41,48.7805,4.51577589272242,SERIES,"Desperate Housewives, Give Me The Blame",8,22
2013-08-19 08:14:47,3398a0e6f2e04d3b05f7d804666126b8,51f99325e4b0f3607454e5a8,Computer,NO,74,143,51.7483,5.75497692549324,MOVIE,Da Vinci koden ,,
2013-08-20 20:41:39,dd139d719d9708b0572bb7116d94af88,51cc3c42e4b07bd9aab73c7a,Computer,SE,27,132,20.4545,4.42679964095011,MOVIE,Master and Commander,,
2013-07-17 11:12:17,223505868fe16915efd508952a12625b,517e464fe4b013a055f5d54b,Computer,NO,12,49,24.4898,,SERIES,"Agatha Christie: Poirot, Episode 6",3,6
2013-06-26 12:59:29,08eacec366dfe3424dde7e32d8bbd167,517e53cfe4b0edc89ab3742e,iPad,,67,74,90.5405,,MOVIE,Kaptein Sabeltann og Grusomme Gabriels skatt,,
2013-10-25 20:22:30,4010a0e85e7822d3c9cbd203fdb64a95,51ba2ef5e4b09542b501d448,Computer,NO,12,104,11.5385,,MOVIE,The Devil's Rejects,,
2013-09-28 19:54:46,65e2bad108cb4272c4121f1f48d4b591,5135eee5e4b0b1a355203c55,iPad,,25,90,27.7778,6.17547455216109,MOVIE,Fatso,,
2013-09-14 17:14:08,5868e0d515977bbe52e6a84983077c67,522bcc0ae4b0fb15fd02308f,Computer,NO,96,102,94.1176,,MOVIE,P<e5> eventyr med Tintin - Enhj<f8>rningens hemmelighet,,
2013-07-08 17:26:18,70c080957e2d853f43ee64df64b5e275,514f4448e4b06d8d2a66aa21,iPad,,49,94,52.1277,6.7415629268512,MOVIE,The Imposter,,
2013-06-20 15:56:50,bcb5f4b2f216aa667330386b54d7ad3a,5135ef6ae4b0b1a3552054b4,Computer,NO,50,104,48.0769,,MOVIE,Hamilton  I nasjonens interesse,,
2013-08-22 02:37:00,688595ac4690a2f558d3e7b3ded722c4,51cb0936e4b07bd9aab438f4,Computer,NO,44,44,100,3.32311952581881,SERIES,"The Shield, Pay in Pain",1,7
2013-09-18 14:42:07,97f9958ab97e4b163dd4c6ff2e7d7097,51b64c74e4b07bd9f9ce49e2,Computer,NO,9,10,90,,SERIES,"Elias, Sp<f8>kelsesb<e5>ten",2,7
2013-09-15 20:34:18,f56e27b7dfb764966345cae7230db5e0,51e4289ee4b0c421f52ee6fc,iPad,,57,55,103.6364,4.18705633417824,SERIES,"Dexter, Every Silver Lining",8,2
2013-06-21 19:30:27,7367c9f95013b5409ceef930a34dc61a,51b5d021e4b07bd9f9cd2fc8,Computer,NO,57,60,95,5.90892676256369,SERIES,"Game of Thrones, Mhysa",3,10
2013-07-19 19:46:02,fff374845dbd9e055a5f2efb60eedbed,51d1433ee4b07bd9aac3cd32,Computer,NO,92,96,95.8333,7.03402070076524,MOVIE,The Crazies,,
2013-09-02 23:32:30,0c7bb7c69b0fdae217b917dcd31bc3d0,51c8fc30e4b013c63e6ee42f,Computer,,41,41,100,,SERIES,"Legend of the Seeker, Fury",2,6
2013-08-08 07:02:27,a15eb8a81ff80bf76ec94b6723f03ece,51c51d31e4b07895a16a78c6,iPad,,40,40,100,7.81304482522828,SERIES,"Legend of the Seeker, Elixir",1,6
2013-07-18 14:47:20,64eeb9210962f0f35e402f74c24b537d,5135ef25e4b0b1a355204211,Computer,NO,26,28,92.8571,4.05385741146344,SERIES,"Girls, It's a Shame About Ray",2,4
2013-08-01 15:15:30,7191c85dfc482809b7684db51b0d4494,51e42194e4b0c421f52ed194,iPad,,1,95,1.0526,,MOVIE,The Big Year,,
2013-07-18 08:54:35,0948aa814b460394977ae01bd565b607,51e4289ee4b0c421f52ee6fc,Computer,NO,53,55,96.3636,7.97373133956748,SERIES,"Dexter, Every Silver Lining",8,2
2013-08-22 20:47:22,a850583ac8d6043b5c088e603e2fe978,51535e25e4b06d8d2a69d922,iPad,,27,28,96.4286,,SERIES,"Girls, It's Back",2,8
2013-08-04 13:32:16,b060cb8e6277922c5ffdabaff71ad553,5163c353e4b007066352f6d7,iPad,,76,79,96.2025,6.71495731112218,MOVIE,Jeff Who Lives at Home,,
2013-06-16 17:02:04,e04dc5768e32844d04e51ba5b76cdb79,51757af7e4b07f66f46f10be,iPad,,29,51,56.8627,,SERIES,"Game of Thrones, And Now His Watch is Ended",3,4
2013-06-26 11:11:40,5c4bfc7a3a8a132ed473d8f220417c86,517a6903e4b06e12acefff16,iPad,,69,124,55.6452,6.93700835075507,MOVIE,Fast & Furious 5,,
2013-08-05 15:24:45,67892c58cab1e16f70d4e144ada9fdbb,514d8493e4b06d8d2a655582,iPad,,18,45,40,5.12333179458846,SERIES,"Mad Men, My Old Kentucky Home",3,3
2013-08-21 18:05:34,655a7df87bfd3092868d7c12c74fdef6,5202abbee4b0df13da9b4c04,iPad,,63,109,57.7982,7.67663754559906,MOVIE,Albert Nobbs,,
2013-08-24 20:27:39,30f264fc7980ea46e413856557de6bad,5135ef8be4b0b1a355206500,Computer,NO,121,122,99.1803,3.52901514523542,MOVIE,Nader og Simin,,
2013-09-24 19:56:50,1616c9d8c2272f9dd6b8d411ca654e0d,5208f40be4b05fc306a35fff,iPad,,44,54,81.4815,,SERIES,"The Newsroom, News Night With Will McAvoy",2,5
2013-07-09 10:16:20,bed7c6cbba18f1f38488cd408006df81,51bb37c0e4b09542b50412d5,Computer,NO,63,86,73.2558,7.44511696886929,MOVIE,Lagerfeld Confidential,,
2013-08-01 10:14:29,8cd6d2112516034fd96653e4dc89c272,516c505fe4b015f6d110d301,Computer,SE,12,50,24,4.71623745430261,SERIES,"Game of Thrones, Walk of Punishment",3,3
2013-10-22 20:01:48,58036d9e2d64aadb1192f613615a9fa5,5203b5b0e4b0ce7ac8903e93,Computer,NO,22,23,95.6522,5.47517408019946,SERIES,"Svampebob Firkant , Svampebob Firkant  S01E09",1,9
2013-08-05 13:38:12,197d572c4ecd92bc8876f65d20019300,51b08620e4b0899394b23eff,iPad,,12,88,13.6364,6.33400227375871,MOVIE,Flicka 3  Bestevenner,,
2013-08-10 18:09:36,9458a8e4c053d216573b1109a641a9b5,52010f7fe4b0df13da99df3b,Computer,NO,46,46,100,6.70548777402531,SERIES,"Dexter, This Little Piggy",8,5
2013-07-20 11:14:55,38ee5a45223ba4be7311b4c1d83947ce,5142ed9be4b03e2cfc5554ee,iPad,,87,88,98.8636,6.54616506448166,MOVIE,Beck 15 - Pojken i glaskulan,,
2013-08-30 20:49:04,1ea6c64907bc3bb3da7053931de6ef38,51a5ef04e4b0417a27737320,Computer,NO,41,41,100,4.91164944142015,SERIES,"Desperate Housewives, One Wonderful Day (Season Finale)",1,23
2013-06-13 21:10:16,14dd4119eb66cb38674b043855356b9f,5135ef22e4b0b1a3552041a6,Computer,NO,22,80,27.5,4.27287005107451,MOVIE,Paranormal Activity 3,,
2013-07-23 21:38:39,cf3bf0b6d58d4348f1f904e8034f6e95,5135ef0fe4b0b1a355203fb6,Computer,NO,17,56,30.3571,5.02598366097555,SERIES,"Boss, The Conversation",2,7
2013-08-08 09:42:33,0a2ffe58fd80c1296bce94a02a7d8557,51ffc2ffe4b0df13da98ba28,Computer,SE,52,54,96.2963,7.96285482023921,SERIES,"True Blood, Dead Meat",6,8
2013-08-23 00:13:40,410242799a02e50492290b4b4b443cc4,51f99324e4b0f3607454e598,Computer,NO,119,119,100,6.31512452140774,MOVIE,xXx (Triple X),,
2013-06-19 14:17:11,5faea30bd80905e32dc2036a36190fe0,5135ef38e4b0b1a35520451c,Computer,NO,11,23,47.8261,7.07589285769709,SERIES,"Metal Hurlant Chronicles, King's Crown",1,1
2013-09-26 16:03:03,ae93194c4411b5c55b9ca2d19e3b3be8,51b647c4e4b07bd9f9ce3eeb,iPad,,3,10,30,,SERIES,"Elias, Tr<e5>le i tr<f8>bbel",1,5
2013-08-03 13:27:47,4ea0b0891618999934820aa7947014f1,51e99f45e4b0e3bc6ca59f6e,Computer,NO,89,104,85.5769,4.48283300915337,MOVIE,Burning Man,,
2013-07-04 21:49:14,cb9a2096e8160448b89e1d476e29b93d,5135ef99e4b0b1a355206d86,iPad,,4,90,4.4444,5.70669465692922,MOVIE,The Girl from Monaco,,
2013-06-29 23:07:06,237bd212f691ed183ac075d93e2cdc75,5135ef26e4b0b1a355204227,iPad,,7,28,25,6.02623527184035,SERIES,"Girls, One Man's Trash",2,5
2013-06-17 18:39:49,7b8260a664e03d308c50504b69607fe7,51a5ef03e4b0417a27737314,Computer,NO,40,41,97.561,7.41725778512855,SERIES,"Desperate Housewives, Fear No More",1,20
2013-07-28 20:59:25,bd489c12c3cdd44a642e8d01a1b7c325,517e53fae4b0edc89ab37746,Computer,NO,18,74,24.3243,7.35709693068793,MOVIE,Thale,,
2013-09-10 20:37:28,daeea6f26c8913517c2d062e8f6d3853,5135ef33e4b0b1a355204432,Computer,NO,11,12,91.6667,4.76731058376356,SERIES,"LasseMajas detektivbyr<e5>, Episode 23",1,23
2013-07-15 19:47:57,cd12682a0fc58c27d9799e2e8fc46e53,51a5ef12e4b0417a27737447,Computer,NO,41,41,100,5.94522145652891,SERIES,"Desperate Housewives, In a World Where the Kings Are Employers",5,15
2013-08-10 16:30:23,2b830c54baa64e0e7fabbf0fe625e9c0,51d200d7e4b07bd9aac5a8fa,iPad,,16,119,13.4454,5.63944054356943,MOVIE,Bridesmaids,,
2013-10-02 16:18:38,9386b575a3fd8142ada55bad2a707a5a,5135eec4e4b0b1a3552039b3,iPad,,6,5,120,,SERIES,"<d8>isteins Juleblyant, Dansenisser",1,6
2013-08-11 23:15:24,4e5619b27e75d1d1bae6f0b17d1f203d,51fe8a59e4b06499497445d5,iPad,,4,39,10.2564,4.95197207229932,SERIES,"Falling Skies, Journey to Xilbalba",3,9
2013-08-18 04:14:02,d882b19c2b93aa8a8bdd2dab48302fe9,516c505fe4b015f6d110d301,iPad,,51,50,102,,SERIES,"Game of Thrones, Walk of Punishment",3,3
2013-09-12 17:21:11,6deea4fe986c342e5f5dde801c5880d3,516c505fe4b015f6d110d301,iPad,,50,50,100,,SERIES,"Game of Thrones, Walk of Punishment",3,3
2013-08-05 22:10:30,2e0dfd040a4f2f367219a98e273b4b80,51d1ba92e4b07bd9aac4f8da,iPad,,23,93,24.7312,6.07818015719582,MOVIE,Take Me Home Tonight,,
2013-07-15 06:28:12,f61109fddbbe3efcd79f2620e7a5fc6a,51b844cde4b01a793d8913f2,iPad,,1,5,20,,SERIES,"Pingu, Episode 01",4,1
2013-06-21 04:43:54,f93094c18cd83856245eefe66b840038,5135ef16e4b0b1a355204079,iPad,,23,23,100,,SERIES,"En <e4>ngels t<e5>lamod , Episode 4",1,4
2013-08-09 23:38:46,1b411ce6c4f69c38d8ef11a0d24480f1,51a5ef01e4b0417a277372f0,Computer,NO,41,41,100,5.72079413871832,SERIES,"Desperate Housewives, Move On",1,11
2013-09-20 03:13:58,9f8a874528e0927dcc742b4bf0ed9fe6,5203b5a1e4b0ce7ac8903cd7,Computer,,20,20,100,,SERIES,"Mike Judge's Beavis and Butt-Head, Mike Judge's Beavis and Butt-Head S09E02",9,2
2013-07-28 16:15:00,ddd2d5ec3673d494b005e160c4090c95,514f444be4b06d8d2a66aa4e,Computer,SE,106,106,100,7.97373133956748,MOVIE,Fastest,,
2013-07-05 17:03:31,63597e80cb43c48cf27ed072953977d0,51757af7e4b07f66f46f10be,Computer,NO,46,51,90.1961,3.2241292926466,SERIES,"Game of Thrones, And Now His Watch is Ended",3,4
2013-09-21 01:59:27,879fef8cdb10d232a1e57170cd49e94b,5203b5a5e4b0ce7ac8903d4d,Computer,NO,22,23,95.6522,5.26122412056841,SERIES,"Ni Hao Kai Lan, Ni Hao Kai Lan S01E16",1,16
2013-06-23 18:59:00,67496b65386c1a2db195a8cdccc9f1e7,5194f9b4e4b00cb4552ff314,Computer,NO,42,43,97.6744,6.29460734413966,SERIES,"The Guardian, Reunion",1,2
2013-08-09 22:11:47,f0e5592f4eb53713a1a078977127811c,5135ef2fe4b0b1a355204388,Computer,NO,6,79,7.5949,6.72978931385844,MOVIE,Shelter Island,,
2013-09-08 15:52:18,b2ff09340adbff2fb681830f2738b441,51fabdcde4b0649949711e87,Computer,NO,20,21,95.2381,5.73598312802451,SERIES,"Samantha Who?, The Birthday ",1,15
2013-09-05 15:18:43,69ac7d5f2440afac4c11cf1625135eab,5203b59ce4b0ce7ac8903c69,Computer,NO,23,24,95.8333,5.1313319254552,SERIES,"St<e5> P<e5> Diego!, St<e5> P<e5> Diego! S01E18",1,18
2013-06-17 20:10:46,614ddd9b1343cbb981949e5cb1bf3efb,51aca269e4b05e08f684d1e3,Computer,NO,3,89,3.3708,4.86941619064817,MOVIE,Moonrise Kingdom,,
2013-08-24 21:45:03,17dfefb2eac1cd86f1569369c8d703ef,51f99324e4b0f3607454e598,Computer,NO,59,119,49.5798,2.38630634978135,MOVIE,xXx (Triple X),,
2013-06-21 19:07:58,081d388f14231d568f75eaa6fa89728a,51a5ef0ae4b0417a277373b1,Computer,NO,40,41,97.561,4.32720788951932,SERIES,"Desperate Housewives, No Fits, No Fights, No Feuds",3,11
2013-09-01 23:31:02,2c6fad80ccdd4ce3457cf3fd09a39130,5135eefbe4b0b1a355203df1,Computer,NO,25,86,29.0698,,MOVIE,Vals med Bashir,,
2013-08-01 21:05:14,323ca5a85c0dd8276ecc9dda74789928,51beeba9e4b09542b50c164b,Computer,NO,113,120,94.1667,7.48704405341409,MOVIE,The Mist,,
2013-09-16 17:39:04,c05d36142e86f86b15c6f4f9878299c8,51950c7ae4b00cb4553007d4,Computer,NO,2,43,4.6512,1.75274097878549,SERIES,"The Guardian, The Beginning",1,22
2013-08-26 11:22:12,c22d54ee606efb1eaf7ec7774d2fa42a,51c3e34ae4b0e0e282c559fa,Computer,NO,77,94,81.9149,,MOVIE,The Whole Ten Yards ,,
2013-08-31 12:45:53,96e98987abe7d1abe5ffe4ebcb79aa4d,52028260e4b0df13da9b2761,Computer,NO,100,162,61.7284,6.49826873712868,MOVIE,The Hobbit: An Unexpected Journey,,
2013-08-24 14:39:36,c0a8ce140657b08f8e0ccf9ae9ef5430,cmoreKids,Computer,NO,1,,,,,,,
2013-06-14 05:24:16,9a07e9bde564619a16e66f668fb48908,51640d53e4b0070663533c1b,Computer,NO,31,54,57.4074,5.56115118239118,SERIES,"Game of Thrones, Dark Wings, Dark Words",3,2
2013-06-23 19:48:36,77b0df6f5cb16ec61710b0df18419c3f,5135eed2e4b0b1a355203b56,Computer,NO,21,22,95.4545,3.3392409532656,SERIES,"Solsidan, Namndiskussion och tr<e5>kiga grannar",1,3
2013-08-25 21:17:28,c1ffb78fa907a43a0065a330703bde03,5218a504e4b0fb15d7f9dbf9,Computer,NO,45,45,100,3.40595745242506,SERIES,"Strike Back, Episode 3",3,3
2013-08-04 19:19:32,46f2ee52ebdb1f50e31e47eabc3e458f,51c0dab4e4b05ed7d4c05654,Computer,NO,111,115,96.5217,7.47684735387869,MOVIE,Den unge Jane Austen,,
2013-07-16 17:36:01,f0b6e1aa2e2e2394347393f7254ed667,51a5ef04e4b0417a2773732f,Computer,NO,40,41,97.561,4.33490688256191,SERIES,"Desperate Housewives, You'll Never Get Away From Me",2,3
2013-08-25 15:18:02,94b6951abe59a6289ef4c59cd6ddcb6e,51acab9be4b05e08f684e6f4,Computer,NO,33,41,80.4878,1.15197549662288,SERIES,"Desperate Housewives, You Must Meet My Wife",7,2
2013-09-05 14:34:27,d12816097a4ee4637bb15d37fc2edf11,51b8d88be4b01a793d8a59d2,Computer,NO,24,39,61.5385,2.94858665340922,SERIES,"Reaper , What About Blob?",1,5
2013-08-15 10:28:46,1b14e3a247f0b54aaf703491f437ecb1,51cb0843e4b07bd9aab4342e,Computer,SE,44,44,100,,SERIES,"The Shield, Cupid & Psycho",1,8
2013-07-07 20:18:27,464fe1b4259fc2dd33cf9f5ece5bbefe,514f444ae4b06d8d2a66aa3e,Computer,NO,105,110,95.4545,3.10033855718825,MOVIE,The Descendants,,
2013-08-12 19:33:44,b3086e1f5275ef0792176081c3137058,51b5d021e4b07bd9f9cd2fc8,Computer,NO,28,60,46.6667,6.98207581540977,SERIES,"Game of Thrones, Mhysa",3,10
2013-06-27 17:47:07,e3c72ed1dc13b8dcc69701aed47ad5c9,51bb0113e4b09542b503998d,Computer,NO,76,94,80.8511,4.74292666875537,MOVIE,Henry Poole is here,,
2013-08-03 18:06:59,215139af5ee96ed33409cbb7358c0905,5135ef25e4b0b1a35520420c,Computer,NO,84,88,95.4545,4.15858816491117,MOVIE,The Prince and Me: Bryllupsreisen,,
2013-07-09 20:09:06,9a23ed70652b0fe64eefeb9ff4a9e52c,51640d53e4b0070663533c1b,Computer,SE,53,54,98.1481,,SERIES,"Game of Thrones, Dark Wings, Dark Words",3,2
2013-06-18 18:42:50,665f25a12098e1191c53788fa3a28181,5135ef27e4b0b1a355204241,iPad,,1,22,4.5455,,SERIES,"Hem till Midg<e5>rd , Munken",1,5
2013-08-01 20:05:05,daeea6f26c8913517c2d062e8f6d3853,51e99f46e4b0e3bc6ca59f7d,Computer,NO,61,105,58.0952,6.2393348962435,MOVIE,Le Pr<e9>nom,,
2013-06-25 00:17:03,2988dd48cd52d6f2a94bc014dc1364f3,51b5d021e4b07bd9f9cd2fc8,iPad,,61,60,101.6667,,SERIES,"Game of Thrones, Mhysa",3,10
2013-10-05 06:07:09,c5af9c13f63524d5e1ed19d23e0be4ee,5203b595e4b0ce7ac8903bc0,iPad,,1,24,4.1667,,SERIES,"Dora utforskeren , Dora utforskeren  S01E01",1,1
2013-08-16 16:15:32,c5c0f1d29a48a26f48b68cfdd5c07f8e,517e53cfe4b0edc89ab3742e,iPad,,100,74,135.1351,6.57126159226082,MOVIE,Kaptein Sabeltann og Grusomme Gabriels skatt,,
2013-07-18 16:40:32,db14bff05b0bf1025c0dcf7853ecb1b0,5135ef54e4b0b1a35520528a,iPad,,3,105,2.8571,5.14664115345952,MOVIE,21 Jump Street,,
2013-10-12 16:49:11,1fd925a6d7bb07426820eccf523aee52,5135ef5fe4b0b1a355205376,iPad,,3,120,2.5,,MOVIE,Brooklyn's Finest,,
2013-07-16 23:29:27,d4dcb19d631167fca2e625fdfb1c6cce,5135ef56e4b0b1a3552052c0,iPad,,2,92,2.1739,,MOVIE,Alt om min busk,,
2013-10-13 12:27:13,e54357250cb36cf582d6125394c32dd8,52249f76e4b0a4e9d894a1bf,iPad,,1,53,1.8868,,SERIES,"Dexter, Episode 9",8,9
2013-08-28 19:30:33,dfcbff1016ce756489aeeeb1d6a2b2d8,5135efa0e4b0b1a3552071f8,iPad,,25,84,29.7619,,MOVIE,Le Refuge,,
2013-08-02 20:49:12,bb06ce2b2813d9174f52b8f2808473db,51c4b452e4b0e0e282c72523,Computer,NO,26,41,63.4146,,SERIES,"Legend of the Seeker, Identity",1,7
2013-08-03 21:52:49,ed6ee8a29b2bc675d9709a04b05b54c8,51cd4522e4b07bd9aab9d1a9,Computer,SE,10,93,10.7527,,MOVIE,The Cave,,
2013-09-28 17:53:43,07b72ae73a7531b06e1214d6b3f573d2,51ad93efe4b0a1d046d53869,Computer,NO,21,100,21,5.89882030403993,MOVIE,Terapi for korte lunter ,,
2013-07-31 15:48:58,1616c9d8c2272f9dd6b8d411ca654e0d,51b1d630e4b03eb03afab8bd,Computer,SE,5,5,100,4.1235464965303,SERIES,"Lokomotivet Thomas og vennene hans, Thomas og Gordon",1,1
2013-07-19 21:30:24,8d2179f8990405326c46695da5ee35ff,51640d53e4b0070663533c1b,Computer,SE,54,54,100,,SERIES,"Game of Thrones, Dark Wings, Dark Words",3,2
2013-07-05 14:49:32,45f6edae7359c440eaa53752fc78b4c2,51af81dee4b03d330fd86b8d,iPad,,13,10,130,5.35661200291108,SERIES,"Roary the Racing Car, Episode 7",1,7
2013-10-12 09:10:07,9c0053b9a96bf03c3c60ac805d53b7d2,5135ef14e4b0b1a35520403f,iPad,,22,24,91.6667,6.68010581759736,SERIES,"Emil i L<f8>nneberget, Kr<e4>ftfiske, g<f6>kotta och andre lustbarheter",1,10
2013-07-25 22:44:33,ff47a5665028c015863e35aa868b052a,51408f67e4b011612edb95f0,Computer,NO,47,87,54.023,5.24230521476767,MOVIE,Balls of Fury,,
2013-09-18 20:10:57,5e317905d82d654066bdc601bca98b3f,522895e6e4b0fb15fcff43f4,Computer,SE,40,40,100,,SERIES,"Revolution, The Dark Tower",1,20
2013-07-26 20:09:06,5e71a24e40c0d242220325aecc83b3db,5188c438e4b0bfb2d975f997,iPad,,21,51,41.1765,,SERIES,"Game of Thrones, The Climb",3,6
2013-09-09 19:46:43,1ba2166c92a0e35fe99f889fa23a5374,51cb0490e4b07bd9aab42d9e,Computer,NO,43,44,97.7273,7.22703230616075,SERIES,"The Shield, Jailbait",5,3
2013-08-01 12:09:05,56e595280cae22d8c77cb4787ab2c03e,51b1d8bfe4b03eb03afabe45,Computer,NO,4,5,80,,SERIES,"Lokomotivet Thomas og vennene hans, Thomas og kondukt<f8>ren",1,11
2013-09-22 07:51:26,5750b6b8bc3906fcc9709f33ed231e94,5203b595e4b0ce7ac8903bc7,Computer,NO,1,24,4.1667,3.16994078947325,SERIES,"Dora utforskeren , Dora utforskeren  S01E11",1,11
2013-07-08 20:21:29,8430d0ce42dc4fd8b65dfdf4c06474f2,517e3f45e4b013a055f5cd2b,Computer,NO,5,50,10,3.82055776517381,SERIES,"Agatha Christie: Poirot, Problem til sj<f8>s",1,8
2013-07-31 01:19:12,94927b4016920fcbc32f83d78d94acfa,51c078ade4b05ed7d4bf7eac,Computer,SE,41,41,100,4.09552154126858,SERIES,"Private Practice, In Which Sam Receives An Unexpected Visitor",1,2
